"result_id","current_n","reason","excluded","step","analysis_id","outcome_cohort_id","outcome_cohort_name","analysis_outcome_lookback_days","analysis_type","analysis_interval","analysis_complete_database_intervals","analysis_time_point","analysis_full_contribution","analysis_min_cell_count","denominator_cohort_id","denominator_age_group","denominator_sex","denominator_days_prior_history","denominator_start_date","denominator_end_date","denominator_strata_cohort_definition_id","denominator_strata_cohort_name"
2,50000,"Starting population",NA,"Generating denominator cohort set","1",1,NA,0,"point","years",FALSE,"start",FALSE,5,1,"20;29","Female",180,2008-01-01,2018-01-01,NA,NA
2,50000,"Missing year of birth",0,"Generating denominator cohort set","1",1,NA,0,"point","years",FALSE,"start",FALSE,5,1,"20;29","Female",180,2008-01-01,2018-01-01,NA,NA
2,50000,"Missing sex",0,"Generating denominator cohort set","1",1,NA,0,"point","years",FALSE,"start",FALSE,5,1,"20;29","Female",180,2008-01-01,2018-01-01,NA,NA
2,50000,"Cannot satisfy age criteria during the study period based on year of birth",0,"Generating denominator cohort set","1",1,NA,0,"point","years",FALSE,"start",FALSE,5,1,"20;29","Female",180,2008-01-01,2018-01-01,NA,NA
2,38027,"No observation time available during study period",11973,"Generating denominator cohort set","1",1,NA,0,"point","years",FALSE,"start",FALSE,5,1,"20;29","Female",180,2008-01-01,2018-01-01,NA,NA
2,38027,"Doesn't satisfy age criteria during the study period",0,"Generating denominator cohort set","1",1,NA,0,"point","years",FALSE,"start",FALSE,5,1,"20;29","Female",180,2008-01-01,2018-01-01,NA,NA
2,30451,"Prior history requirement not fulfilled during study period",7576,"Generating denominator cohort set","1",1,NA,0,"point","years",FALSE,"start",FALSE,5,1,"20;29","Female",180,2008-01-01,2018-01-01,NA,NA
2,15397,"Not Female",15054,"Generating denominator cohort set","1",1,NA,0,"point","years",FALSE,"start",FALSE,5,1,"20;29","Female",180,2008-01-01,2018-01-01,NA,NA
2,2143,"No observation time available after applying age and prior history criteria",13254,"Generating denominator cohort set","1",1,NA,0,"point","years",FALSE,"start",FALSE,5,1,"20;29","Female",180,2008-01-01,2018-01-01,NA,NA
2,2143,"Starting analysis population",NA,"Estimating prevalence","1",1,NA,0,"point","years",FALSE,"start",FALSE,5,1,"20;29","Female",180,2008-01-01,2018-01-01,NA,NA
2,2143,"Not observed during the complete database interval",0,"Estimating prevalence","1",1,NA,0,"point","years",FALSE,"start",FALSE,5,1,"20;29","Female",180,2008-01-01,2018-01-01,NA,NA
2,2143,"Do not satisfy full contribution requirement for an interval",0,"Estimating prevalence","1",1,NA,0,"point","years",FALSE,"start",FALSE,5,1,"20;29","Female",180,2008-01-01,2018-01-01,NA,NA
2,50000,"Starting population",NA,"Generating denominator cohort set","10",1,NA,0,"point","years",FALSE,"start",FALSE,5,10,"50;59","Female",180,2008-01-01,2018-01-01,NA,NA
2,50000,"Missing year of birth",0,"Generating denominator cohort set","10",1,NA,0,"point","years",FALSE,"start",FALSE,5,10,"50;59","Female",180,2008-01-01,2018-01-01,NA,NA
2,50000,"Missing sex",0,"Generating denominator cohort set","10",1,NA,0,"point","years",FALSE,"start",FALSE,5,10,"50;59","Female",180,2008-01-01,2018-01-01,NA,NA
2,50000,"Cannot satisfy age criteria during the study period based on year of birth",0,"Generating denominator cohort set","10",1,NA,0,"point","years",FALSE,"start",FALSE,5,10,"50;59","Female",180,2008-01-01,2018-01-01,NA,NA
2,38027,"No observation time available during study period",11973,"Generating denominator cohort set","10",1,NA,0,"point","years",FALSE,"start",FALSE,5,10,"50;59","Female",180,2008-01-01,2018-01-01,NA,NA
2,38027,"Doesn't satisfy age criteria during the study period",0,"Generating denominator cohort set","10",1,NA,0,"point","years",FALSE,"start",FALSE,5,10,"50;59","Female",180,2008-01-01,2018-01-01,NA,NA
2,30451,"Prior history requirement not fulfilled during study period",7576,"Generating denominator cohort set","10",1,NA,0,"point","years",FALSE,"start",FALSE,5,10,"50;59","Female",180,2008-01-01,2018-01-01,NA,NA
2,15397,"Not Female",15054,"Generating denominator cohort set","10",1,NA,0,"point","years",FALSE,"start",FALSE,5,10,"50;59","Female",180,2008-01-01,2018-01-01,NA,NA
2,2099,"No observation time available after applying age and prior history criteria",13298,"Generating denominator cohort set","10",1,NA,0,"point","years",FALSE,"start",FALSE,5,10,"50;59","Female",180,2008-01-01,2018-01-01,NA,NA
2,2099,"Starting analysis population",NA,"Estimating prevalence","10",1,NA,0,"point","years",FALSE,"start",FALSE,5,10,"50;59","Female",180,2008-01-01,2018-01-01,NA,NA
2,2099,"Not observed during the complete database interval",0,"Estimating prevalence","10",1,NA,0,"point","years",FALSE,"start",FALSE,5,10,"50;59","Female",180,2008-01-01,2018-01-01,NA,NA
2,2099,"Do not satisfy full contribution requirement for an interval",0,"Estimating prevalence","10",1,NA,0,"point","years",FALSE,"start",FALSE,5,10,"50;59","Female",180,2008-01-01,2018-01-01,NA,NA
2,50000,"Starting population",NA,"Generating denominator cohort set","11",1,NA,0,"point","years",FALSE,"start",FALSE,5,11,"50;59","Male",180,2008-01-01,2018-01-01,NA,NA
2,50000,"Missing year of birth",0,"Generating denominator cohort set","11",1,NA,0,"point","years",FALSE,"start",FALSE,5,11,"50;59","Male",180,2008-01-01,2018-01-01,NA,NA
2,50000,"Missing sex",0,"Generating denominator cohort set","11",1,NA,0,"point","years",FALSE,"start",FALSE,5,11,"50;59","Male",180,2008-01-01,2018-01-01,NA,NA
2,50000,"Cannot satisfy age criteria during the study period based on year of birth",0,"Generating denominator cohort set","11",1,NA,0,"point","years",FALSE,"start",FALSE,5,11,"50;59","Male",180,2008-01-01,2018-01-01,NA,NA
2,38027,"No observation time available during study period",11973,"Generating denominator cohort set","11",1,NA,0,"point","years",FALSE,"start",FALSE,5,11,"50;59","Male",180,2008-01-01,2018-01-01,NA,NA
2,38027,"Doesn't satisfy age criteria during the study period",0,"Generating denominator cohort set","11",1,NA,0,"point","years",FALSE,"start",FALSE,5,11,"50;59","Male",180,2008-01-01,2018-01-01,NA,NA
2,30451,"Prior history requirement not fulfilled during study period",7576,"Generating denominator cohort set","11",1,NA,0,"point","years",FALSE,"start",FALSE,5,11,"50;59","Male",180,2008-01-01,2018-01-01,NA,NA
2,15054,"Not Male",15397,"Generating denominator cohort set","11",1,NA,0,"point","years",FALSE,"start",FALSE,5,11,"50;59","Male",180,2008-01-01,2018-01-01,NA,NA
2,2071,"No observation time available after applying age and prior history criteria",12983,"Generating denominator cohort set","11",1,NA,0,"point","years",FALSE,"start",FALSE,5,11,"50;59","Male",180,2008-01-01,2018-01-01,NA,NA
2,2071,"Starting analysis population",NA,"Estimating prevalence","11",1,NA,0,"point","years",FALSE,"start",FALSE,5,11,"50;59","Male",180,2008-01-01,2018-01-01,NA,NA
2,2071,"Not observed during the complete database interval",0,"Estimating prevalence","11",1,NA,0,"point","years",FALSE,"start",FALSE,5,11,"50;59","Male",180,2008-01-01,2018-01-01,NA,NA
2,2071,"Do not satisfy full contribution requirement for an interval",0,"Estimating prevalence","11",1,NA,0,"point","years",FALSE,"start",FALSE,5,11,"50;59","Male",180,2008-01-01,2018-01-01,NA,NA
2,50000,"Starting population",NA,"Generating denominator cohort set","12",1,NA,0,"point","years",FALSE,"start",FALSE,5,12,"50;59","Both",180,2008-01-01,2018-01-01,NA,NA
2,50000,"Missing year of birth",0,"Generating denominator cohort set","12",1,NA,0,"point","years",FALSE,"start",FALSE,5,12,"50;59","Both",180,2008-01-01,2018-01-01,NA,NA
2,50000,"Missing sex",0,"Generating denominator cohort set","12",1,NA,0,"point","years",FALSE,"start",FALSE,5,12,"50;59","Both",180,2008-01-01,2018-01-01,NA,NA
2,50000,"Cannot satisfy age criteria during the study period based on year of birth",0,"Generating denominator cohort set","12",1,NA,0,"point","years",FALSE,"start",FALSE,5,12,"50;59","Both",180,2008-01-01,2018-01-01,NA,NA
2,38027,"No observation time available during study period",11973,"Generating denominator cohort set","12",1,NA,0,"point","years",FALSE,"start",FALSE,5,12,"50;59","Both",180,2008-01-01,2018-01-01,NA,NA
2,38027,"Doesn't satisfy age criteria during the study period",0,"Generating denominator cohort set","12",1,NA,0,"point","years",FALSE,"start",FALSE,5,12,"50;59","Both",180,2008-01-01,2018-01-01,NA,NA
2,30451,"Prior history requirement not fulfilled during study period",7576,"Generating denominator cohort set","12",1,NA,0,"point","years",FALSE,"start",FALSE,5,12,"50;59","Both",180,2008-01-01,2018-01-01,NA,NA
2,4170,"No observation time available after applying age and prior history criteria",26281,"Generating denominator cohort set","12",1,NA,0,"point","years",FALSE,"start",FALSE,5,12,"50;59","Both",180,2008-01-01,2018-01-01,NA,NA
2,4170,"Starting analysis population",NA,"Estimating prevalence","12",1,NA,0,"point","years",FALSE,"start",FALSE,5,12,"50;59","Both",180,2008-01-01,2018-01-01,NA,NA
2,4170,"Not observed during the complete database interval",0,"Estimating prevalence","12",1,NA,0,"point","years",FALSE,"start",FALSE,5,12,"50;59","Both",180,2008-01-01,2018-01-01,NA,NA
2,4170,"Do not satisfy full contribution requirement for an interval",0,"Estimating prevalence","12",1,NA,0,"point","years",FALSE,"start",FALSE,5,12,"50;59","Both",180,2008-01-01,2018-01-01,NA,NA
2,50000,"Starting population",NA,"Generating denominator cohort set","13",1,NA,0,"point","years",FALSE,"start",FALSE,5,13,"60;69","Female",180,2008-01-01,2018-01-01,NA,NA
2,50000,"Missing year of birth",0,"Generating denominator cohort set","13",1,NA,0,"point","years",FALSE,"start",FALSE,5,13,"60;69","Female",180,2008-01-01,2018-01-01,NA,NA
2,50000,"Missing sex",0,"Generating denominator cohort set","13",1,NA,0,"point","years",FALSE,"start",FALSE,5,13,"60;69","Female",180,2008-01-01,2018-01-01,NA,NA
2,50000,"Cannot satisfy age criteria during the study period based on year of birth",0,"Generating denominator cohort set","13",1,NA,0,"point","years",FALSE,"start",FALSE,5,13,"60;69","Female",180,2008-01-01,2018-01-01,NA,NA
2,38027,"No observation time available during study period",11973,"Generating denominator cohort set","13",1,NA,0,"point","years",FALSE,"start",FALSE,5,13,"60;69","Female",180,2008-01-01,2018-01-01,NA,NA
2,38027,"Doesn't satisfy age criteria during the study period",0,"Generating denominator cohort set","13",1,NA,0,"point","years",FALSE,"start",FALSE,5,13,"60;69","Female",180,2008-01-01,2018-01-01,NA,NA
2,30451,"Prior history requirement not fulfilled during study period",7576,"Generating denominator cohort set","13",1,NA,0,"point","years",FALSE,"start",FALSE,5,13,"60;69","Female",180,2008-01-01,2018-01-01,NA,NA
2,15397,"Not Female",15054,"Generating denominator cohort set","13",1,NA,0,"point","years",FALSE,"start",FALSE,5,13,"60;69","Female",180,2008-01-01,2018-01-01,NA,NA
2,2086,"No observation time available after applying age and prior history criteria",13311,"Generating denominator cohort set","13",1,NA,0,"point","years",FALSE,"start",FALSE,5,13,"60;69","Female",180,2008-01-01,2018-01-01,NA,NA
2,2086,"Starting analysis population",NA,"Estimating prevalence","13",1,NA,0,"point","years",FALSE,"start",FALSE,5,13,"60;69","Female",180,2008-01-01,2018-01-01,NA,NA
2,2086,"Not observed during the complete database interval",0,"Estimating prevalence","13",1,NA,0,"point","years",FALSE,"start",FALSE,5,13,"60;69","Female",180,2008-01-01,2018-01-01,NA,NA
2,2086,"Do not satisfy full contribution requirement for an interval",0,"Estimating prevalence","13",1,NA,0,"point","years",FALSE,"start",FALSE,5,13,"60;69","Female",180,2008-01-01,2018-01-01,NA,NA
2,50000,"Starting population",NA,"Generating denominator cohort set","14",1,NA,0,"point","years",FALSE,"start",FALSE,5,14,"60;69","Male",180,2008-01-01,2018-01-01,NA,NA
2,50000,"Missing year of birth",0,"Generating denominator cohort set","14",1,NA,0,"point","years",FALSE,"start",FALSE,5,14,"60;69","Male",180,2008-01-01,2018-01-01,NA,NA
2,50000,"Missing sex",0,"Generating denominator cohort set","14",1,NA,0,"point","years",FALSE,"start",FALSE,5,14,"60;69","Male",180,2008-01-01,2018-01-01,NA,NA
2,50000,"Cannot satisfy age criteria during the study period based on year of birth",0,"Generating denominator cohort set","14",1,NA,0,"point","years",FALSE,"start",FALSE,5,14,"60;69","Male",180,2008-01-01,2018-01-01,NA,NA
2,38027,"No observation time available during study period",11973,"Generating denominator cohort set","14",1,NA,0,"point","years",FALSE,"start",FALSE,5,14,"60;69","Male",180,2008-01-01,2018-01-01,NA,NA
2,38027,"Doesn't satisfy age criteria during the study period",0,"Generating denominator cohort set","14",1,NA,0,"point","years",FALSE,"start",FALSE,5,14,"60;69","Male",180,2008-01-01,2018-01-01,NA,NA
2,30451,"Prior history requirement not fulfilled during study period",7576,"Generating denominator cohort set","14",1,NA,0,"point","years",FALSE,"start",FALSE,5,14,"60;69","Male",180,2008-01-01,2018-01-01,NA,NA
2,15054,"Not Male",15397,"Generating denominator cohort set","14",1,NA,0,"point","years",FALSE,"start",FALSE,5,14,"60;69","Male",180,2008-01-01,2018-01-01,NA,NA
2,2117,"No observation time available after applying age and prior history criteria",12937,"Generating denominator cohort set","14",1,NA,0,"point","years",FALSE,"start",FALSE,5,14,"60;69","Male",180,2008-01-01,2018-01-01,NA,NA
2,2117,"Starting analysis population",NA,"Estimating prevalence","14",1,NA,0,"point","years",FALSE,"start",FALSE,5,14,"60;69","Male",180,2008-01-01,2018-01-01,NA,NA
2,2117,"Not observed during the complete database interval",0,"Estimating prevalence","14",1,NA,0,"point","years",FALSE,"start",FALSE,5,14,"60;69","Male",180,2008-01-01,2018-01-01,NA,NA
2,2117,"Do not satisfy full contribution requirement for an interval",0,"Estimating prevalence","14",1,NA,0,"point","years",FALSE,"start",FALSE,5,14,"60;69","Male",180,2008-01-01,2018-01-01,NA,NA
2,50000,"Starting population",NA,"Generating denominator cohort set","15",1,NA,0,"point","years",FALSE,"start",FALSE,5,15,"60;69","Both",180,2008-01-01,2018-01-01,NA,NA
2,50000,"Missing year of birth",0,"Generating denominator cohort set","15",1,NA,0,"point","years",FALSE,"start",FALSE,5,15,"60;69","Both",180,2008-01-01,2018-01-01,NA,NA
2,50000,"Missing sex",0,"Generating denominator cohort set","15",1,NA,0,"point","years",FALSE,"start",FALSE,5,15,"60;69","Both",180,2008-01-01,2018-01-01,NA,NA
2,50000,"Cannot satisfy age criteria during the study period based on year of birth",0,"Generating denominator cohort set","15",1,NA,0,"point","years",FALSE,"start",FALSE,5,15,"60;69","Both",180,2008-01-01,2018-01-01,NA,NA
2,38027,"No observation time available during study period",11973,"Generating denominator cohort set","15",1,NA,0,"point","years",FALSE,"start",FALSE,5,15,"60;69","Both",180,2008-01-01,2018-01-01,NA,NA
2,38027,"Doesn't satisfy age criteria during the study period",0,"Generating denominator cohort set","15",1,NA,0,"point","years",FALSE,"start",FALSE,5,15,"60;69","Both",180,2008-01-01,2018-01-01,NA,NA
2,30451,"Prior history requirement not fulfilled during study period",7576,"Generating denominator cohort set","15",1,NA,0,"point","years",FALSE,"start",FALSE,5,15,"60;69","Both",180,2008-01-01,2018-01-01,NA,NA
2,4203,"No observation time available after applying age and prior history criteria",26248,"Generating denominator cohort set","15",1,NA,0,"point","years",FALSE,"start",FALSE,5,15,"60;69","Both",180,2008-01-01,2018-01-01,NA,NA
2,4203,"Starting analysis population",NA,"Estimating prevalence","15",1,NA,0,"point","years",FALSE,"start",FALSE,5,15,"60;69","Both",180,2008-01-01,2018-01-01,NA,NA
2,4203,"Not observed during the complete database interval",0,"Estimating prevalence","15",1,NA,0,"point","years",FALSE,"start",FALSE,5,15,"60;69","Both",180,2008-01-01,2018-01-01,NA,NA
2,4203,"Do not satisfy full contribution requirement for an interval",0,"Estimating prevalence","15",1,NA,0,"point","years",FALSE,"start",FALSE,5,15,"60;69","Both",180,2008-01-01,2018-01-01,NA,NA
2,50000,"Starting population",NA,"Generating denominator cohort set","16",1,NA,0,"point","years",FALSE,"start",FALSE,5,16,"0;99","Female",180,2008-01-01,2018-01-01,NA,NA
2,50000,"Missing year of birth",0,"Generating denominator cohort set","16",1,NA,0,"point","years",FALSE,"start",FALSE,5,16,"0;99","Female",180,2008-01-01,2018-01-01,NA,NA
2,50000,"Missing sex",0,"Generating denominator cohort set","16",1,NA,0,"point","years",FALSE,"start",FALSE,5,16,"0;99","Female",180,2008-01-01,2018-01-01,NA,NA
2,50000,"Cannot satisfy age criteria during the study period based on year of birth",0,"Generating denominator cohort set","16",1,NA,0,"point","years",FALSE,"start",FALSE,5,16,"0;99","Female",180,2008-01-01,2018-01-01,NA,NA
2,38027,"No observation time available during study period",11973,"Generating denominator cohort set","16",1,NA,0,"point","years",FALSE,"start",FALSE,5,16,"0;99","Female",180,2008-01-01,2018-01-01,NA,NA
2,38027,"Doesn't satisfy age criteria during the study period",0,"Generating denominator cohort set","16",1,NA,0,"point","years",FALSE,"start",FALSE,5,16,"0;99","Female",180,2008-01-01,2018-01-01,NA,NA
2,30451,"Prior history requirement not fulfilled during study period",7576,"Generating denominator cohort set","16",1,NA,0,"point","years",FALSE,"start",FALSE,5,16,"0;99","Female",180,2008-01-01,2018-01-01,NA,NA
2,15397,"Not Female",15054,"Generating denominator cohort set","16",1,NA,0,"point","years",FALSE,"start",FALSE,5,16,"0;99","Female",180,2008-01-01,2018-01-01,NA,NA
2,15397,"No observation time available after applying age and prior history criteria",0,"Generating denominator cohort set","16",1,NA,0,"point","years",FALSE,"start",FALSE,5,16,"0;99","Female",180,2008-01-01,2018-01-01,NA,NA
2,15397,"Starting analysis population",NA,"Estimating prevalence","16",1,NA,0,"point","years",FALSE,"start",FALSE,5,16,"0;99","Female",180,2008-01-01,2018-01-01,NA,NA
2,15397,"Not observed during the complete database interval",0,"Estimating prevalence","16",1,NA,0,"point","years",FALSE,"start",FALSE,5,16,"0;99","Female",180,2008-01-01,2018-01-01,NA,NA
2,15397,"Do not satisfy full contribution requirement for an interval",0,"Estimating prevalence","16",1,NA,0,"point","years",FALSE,"start",FALSE,5,16,"0;99","Female",180,2008-01-01,2018-01-01,NA,NA
2,50000,"Starting population",NA,"Generating denominator cohort set","17",1,NA,0,"point","years",FALSE,"start",FALSE,5,17,"0;99","Male",180,2008-01-01,2018-01-01,NA,NA
2,50000,"Missing year of birth",0,"Generating denominator cohort set","17",1,NA,0,"point","years",FALSE,"start",FALSE,5,17,"0;99","Male",180,2008-01-01,2018-01-01,NA,NA
2,50000,"Missing sex",0,"Generating denominator cohort set","17",1,NA,0,"point","years",FALSE,"start",FALSE,5,17,"0;99","Male",180,2008-01-01,2018-01-01,NA,NA
2,50000,"Cannot satisfy age criteria during the study period based on year of birth",0,"Generating denominator cohort set","17",1,NA,0,"point","years",FALSE,"start",FALSE,5,17,"0;99","Male",180,2008-01-01,2018-01-01,NA,NA
2,38027,"No observation time available during study period",11973,"Generating denominator cohort set","17",1,NA,0,"point","years",FALSE,"start",FALSE,5,17,"0;99","Male",180,2008-01-01,2018-01-01,NA,NA
2,38027,"Doesn't satisfy age criteria during the study period",0,"Generating denominator cohort set","17",1,NA,0,"point","years",FALSE,"start",FALSE,5,17,"0;99","Male",180,2008-01-01,2018-01-01,NA,NA
2,30451,"Prior history requirement not fulfilled during study period",7576,"Generating denominator cohort set","17",1,NA,0,"point","years",FALSE,"start",FALSE,5,17,"0;99","Male",180,2008-01-01,2018-01-01,NA,NA
2,15054,"Not Male",15397,"Generating denominator cohort set","17",1,NA,0,"point","years",FALSE,"start",FALSE,5,17,"0;99","Male",180,2008-01-01,2018-01-01,NA,NA
2,15054,"No observation time available after applying age and prior history criteria",0,"Generating denominator cohort set","17",1,NA,0,"point","years",FALSE,"start",FALSE,5,17,"0;99","Male",180,2008-01-01,2018-01-01,NA,NA
2,15054,"Starting analysis population",NA,"Estimating prevalence","17",1,NA,0,"point","years",FALSE,"start",FALSE,5,17,"0;99","Male",180,2008-01-01,2018-01-01,NA,NA
2,15054,"Not observed during the complete database interval",0,"Estimating prevalence","17",1,NA,0,"point","years",FALSE,"start",FALSE,5,17,"0;99","Male",180,2008-01-01,2018-01-01,NA,NA
2,15054,"Do not satisfy full contribution requirement for an interval",0,"Estimating prevalence","17",1,NA,0,"point","years",FALSE,"start",FALSE,5,17,"0;99","Male",180,2008-01-01,2018-01-01,NA,NA
2,50000,"Starting population",NA,"Generating denominator cohort set","18",1,NA,0,"point","years",FALSE,"start",FALSE,5,18,"0;99","Both",180,2008-01-01,2018-01-01,NA,NA
2,50000,"Missing year of birth",0,"Generating denominator cohort set","18",1,NA,0,"point","years",FALSE,"start",FALSE,5,18,"0;99","Both",180,2008-01-01,2018-01-01,NA,NA
2,50000,"Missing sex",0,"Generating denominator cohort set","18",1,NA,0,"point","years",FALSE,"start",FALSE,5,18,"0;99","Both",180,2008-01-01,2018-01-01,NA,NA
2,50000,"Cannot satisfy age criteria during the study period based on year of birth",0,"Generating denominator cohort set","18",1,NA,0,"point","years",FALSE,"start",FALSE,5,18,"0;99","Both",180,2008-01-01,2018-01-01,NA,NA
2,38027,"No observation time available during study period",11973,"Generating denominator cohort set","18",1,NA,0,"point","years",FALSE,"start",FALSE,5,18,"0;99","Both",180,2008-01-01,2018-01-01,NA,NA
2,38027,"Doesn't satisfy age criteria during the study period",0,"Generating denominator cohort set","18",1,NA,0,"point","years",FALSE,"start",FALSE,5,18,"0;99","Both",180,2008-01-01,2018-01-01,NA,NA
2,30451,"Prior history requirement not fulfilled during study period",7576,"Generating denominator cohort set","18",1,NA,0,"point","years",FALSE,"start",FALSE,5,18,"0;99","Both",180,2008-01-01,2018-01-01,NA,NA
2,30451,"No observation time available after applying age and prior history criteria",0,"Generating denominator cohort set","18",1,NA,0,"point","years",FALSE,"start",FALSE,5,18,"0;99","Both",180,2008-01-01,2018-01-01,NA,NA
2,30451,"Starting analysis population",NA,"Estimating prevalence","18",1,NA,0,"point","years",FALSE,"start",FALSE,5,18,"0;99","Both",180,2008-01-01,2018-01-01,NA,NA
2,30451,"Not observed during the complete database interval",0,"Estimating prevalence","18",1,NA,0,"point","years",FALSE,"start",FALSE,5,18,"0;99","Both",180,2008-01-01,2018-01-01,NA,NA
2,30451,"Do not satisfy full contribution requirement for an interval",0,"Estimating prevalence","18",1,NA,0,"point","years",FALSE,"start",FALSE,5,18,"0;99","Both",180,2008-01-01,2018-01-01,NA,NA
2,50000,"Starting population",NA,"Generating denominator cohort set","2",1,NA,0,"point","years",FALSE,"start",FALSE,5,2,"20;29","Male",180,2008-01-01,2018-01-01,NA,NA
2,50000,"Missing year of birth",0,"Generating denominator cohort set","2",1,NA,0,"point","years",FALSE,"start",FALSE,5,2,"20;29","Male",180,2008-01-01,2018-01-01,NA,NA
2,50000,"Missing sex",0,"Generating denominator cohort set","2",1,NA,0,"point","years",FALSE,"start",FALSE,5,2,"20;29","Male",180,2008-01-01,2018-01-01,NA,NA
2,50000,"Cannot satisfy age criteria during the study period based on year of birth",0,"Generating denominator cohort set","2",1,NA,0,"point","years",FALSE,"start",FALSE,5,2,"20;29","Male",180,2008-01-01,2018-01-01,NA,NA
2,38027,"No observation time available during study period",11973,"Generating denominator cohort set","2",1,NA,0,"point","years",FALSE,"start",FALSE,5,2,"20;29","Male",180,2008-01-01,2018-01-01,NA,NA
2,38027,"Doesn't satisfy age criteria during the study period",0,"Generating denominator cohort set","2",1,NA,0,"point","years",FALSE,"start",FALSE,5,2,"20;29","Male",180,2008-01-01,2018-01-01,NA,NA
2,30451,"Prior history requirement not fulfilled during study period",7576,"Generating denominator cohort set","2",1,NA,0,"point","years",FALSE,"start",FALSE,5,2,"20;29","Male",180,2008-01-01,2018-01-01,NA,NA
2,15054,"Not Male",15397,"Generating denominator cohort set","2",1,NA,0,"point","years",FALSE,"start",FALSE,5,2,"20;29","Male",180,2008-01-01,2018-01-01,NA,NA
2,2054,"No observation time available after applying age and prior history criteria",13000,"Generating denominator cohort set","2",1,NA,0,"point","years",FALSE,"start",FALSE,5,2,"20;29","Male",180,2008-01-01,2018-01-01,NA,NA
2,2054,"Starting analysis population",NA,"Estimating prevalence","2",1,NA,0,"point","years",FALSE,"start",FALSE,5,2,"20;29","Male",180,2008-01-01,2018-01-01,NA,NA
2,2054,"Not observed during the complete database interval",0,"Estimating prevalence","2",1,NA,0,"point","years",FALSE,"start",FALSE,5,2,"20;29","Male",180,2008-01-01,2018-01-01,NA,NA
2,2054,"Do not satisfy full contribution requirement for an interval",0,"Estimating prevalence","2",1,NA,0,"point","years",FALSE,"start",FALSE,5,2,"20;29","Male",180,2008-01-01,2018-01-01,NA,NA
2,50000,"Starting population",NA,"Generating denominator cohort set","3",1,NA,0,"point","years",FALSE,"start",FALSE,5,3,"20;29","Both",180,2008-01-01,2018-01-01,NA,NA
2,50000,"Missing year of birth",0,"Generating denominator cohort set","3",1,NA,0,"point","years",FALSE,"start",FALSE,5,3,"20;29","Both",180,2008-01-01,2018-01-01,NA,NA
2,50000,"Missing sex",0,"Generating denominator cohort set","3",1,NA,0,"point","years",FALSE,"start",FALSE,5,3,"20;29","Both",180,2008-01-01,2018-01-01,NA,NA
2,50000,"Cannot satisfy age criteria during the study period based on year of birth",0,"Generating denominator cohort set","3",1,NA,0,"point","years",FALSE,"start",FALSE,5,3,"20;29","Both",180,2008-01-01,2018-01-01,NA,NA
2,38027,"No observation time available during study period",11973,"Generating denominator cohort set","3",1,NA,0,"point","years",FALSE,"start",FALSE,5,3,"20;29","Both",180,2008-01-01,2018-01-01,NA,NA
2,38027,"Doesn't satisfy age criteria during the study period",0,"Generating denominator cohort set","3",1,NA,0,"point","years",FALSE,"start",FALSE,5,3,"20;29","Both",180,2008-01-01,2018-01-01,NA,NA
2,30451,"Prior history requirement not fulfilled during study period",7576,"Generating denominator cohort set","3",1,NA,0,"point","years",FALSE,"start",FALSE,5,3,"20;29","Both",180,2008-01-01,2018-01-01,NA,NA
2,4197,"No observation time available after applying age and prior history criteria",26254,"Generating denominator cohort set","3",1,NA,0,"point","years",FALSE,"start",FALSE,5,3,"20;29","Both",180,2008-01-01,2018-01-01,NA,NA
2,4197,"Starting analysis population",NA,"Estimating prevalence","3",1,NA,0,"point","years",FALSE,"start",FALSE,5,3,"20;29","Both",180,2008-01-01,2018-01-01,NA,NA
2,4197,"Not observed during the complete database interval",0,"Estimating prevalence","3",1,NA,0,"point","years",FALSE,"start",FALSE,5,3,"20;29","Both",180,2008-01-01,2018-01-01,NA,NA
2,4197,"Do not satisfy full contribution requirement for an interval",0,"Estimating prevalence","3",1,NA,0,"point","years",FALSE,"start",FALSE,5,3,"20;29","Both",180,2008-01-01,2018-01-01,NA,NA
2,50000,"Starting population",NA,"Generating denominator cohort set","4",1,NA,0,"point","years",FALSE,"start",FALSE,5,4,"30;39","Female",180,2008-01-01,2018-01-01,NA,NA
2,50000,"Missing year of birth",0,"Generating denominator cohort set","4",1,NA,0,"point","years",FALSE,"start",FALSE,5,4,"30;39","Female",180,2008-01-01,2018-01-01,NA,NA
2,50000,"Missing sex",0,"Generating denominator cohort set","4",1,NA,0,"point","years",FALSE,"start",FALSE,5,4,"30;39","Female",180,2008-01-01,2018-01-01,NA,NA
2,50000,"Cannot satisfy age criteria during the study period based on year of birth",0,"Generating denominator cohort set","4",1,NA,0,"point","years",FALSE,"start",FALSE,5,4,"30;39","Female",180,2008-01-01,2018-01-01,NA,NA
2,38027,"No observation time available during study period",11973,"Generating denominator cohort set","4",1,NA,0,"point","years",FALSE,"start",FALSE,5,4,"30;39","Female",180,2008-01-01,2018-01-01,NA,NA
2,38027,"Doesn't satisfy age criteria during the study period",0,"Generating denominator cohort set","4",1,NA,0,"point","years",FALSE,"start",FALSE,5,4,"30;39","Female",180,2008-01-01,2018-01-01,NA,NA
2,30451,"Prior history requirement not fulfilled during study period",7576,"Generating denominator cohort set","4",1,NA,0,"point","years",FALSE,"start",FALSE,5,4,"30;39","Female",180,2008-01-01,2018-01-01,NA,NA
2,15397,"Not Female",15054,"Generating denominator cohort set","4",1,NA,0,"point","years",FALSE,"start",FALSE,5,4,"30;39","Female",180,2008-01-01,2018-01-01,NA,NA
2,2150,"No observation time available after applying age and prior history criteria",13247,"Generating denominator cohort set","4",1,NA,0,"point","years",FALSE,"start",FALSE,5,4,"30;39","Female",180,2008-01-01,2018-01-01,NA,NA
2,2150,"Starting analysis population",NA,"Estimating prevalence","4",1,NA,0,"point","years",FALSE,"start",FALSE,5,4,"30;39","Female",180,2008-01-01,2018-01-01,NA,NA
2,2150,"Not observed during the complete database interval",0,"Estimating prevalence","4",1,NA,0,"point","years",FALSE,"start",FALSE,5,4,"30;39","Female",180,2008-01-01,2018-01-01,NA,NA
2,2150,"Do not satisfy full contribution requirement for an interval",0,"Estimating prevalence","4",1,NA,0,"point","years",FALSE,"start",FALSE,5,4,"30;39","Female",180,2008-01-01,2018-01-01,NA,NA
2,50000,"Starting population",NA,"Generating denominator cohort set","5",1,NA,0,"point","years",FALSE,"start",FALSE,5,5,"30;39","Male",180,2008-01-01,2018-01-01,NA,NA
2,50000,"Missing year of birth",0,"Generating denominator cohort set","5",1,NA,0,"point","years",FALSE,"start",FALSE,5,5,"30;39","Male",180,2008-01-01,2018-01-01,NA,NA
2,50000,"Missing sex",0,"Generating denominator cohort set","5",1,NA,0,"point","years",FALSE,"start",FALSE,5,5,"30;39","Male",180,2008-01-01,2018-01-01,NA,NA
2,50000,"Cannot satisfy age criteria during the study period based on year of birth",0,"Generating denominator cohort set","5",1,NA,0,"point","years",FALSE,"start",FALSE,5,5,"30;39","Male",180,2008-01-01,2018-01-01,NA,NA
2,38027,"No observation time available during study period",11973,"Generating denominator cohort set","5",1,NA,0,"point","years",FALSE,"start",FALSE,5,5,"30;39","Male",180,2008-01-01,2018-01-01,NA,NA
2,38027,"Doesn't satisfy age criteria during the study period",0,"Generating denominator cohort set","5",1,NA,0,"point","years",FALSE,"start",FALSE,5,5,"30;39","Male",180,2008-01-01,2018-01-01,NA,NA
2,30451,"Prior history requirement not fulfilled during study period",7576,"Generating denominator cohort set","5",1,NA,0,"point","years",FALSE,"start",FALSE,5,5,"30;39","Male",180,2008-01-01,2018-01-01,NA,NA
2,15054,"Not Male",15397,"Generating denominator cohort set","5",1,NA,0,"point","years",FALSE,"start",FALSE,5,5,"30;39","Male",180,2008-01-01,2018-01-01,NA,NA
2,2065,"No observation time available after applying age and prior history criteria",12989,"Generating denominator cohort set","5",1,NA,0,"point","years",FALSE,"start",FALSE,5,5,"30;39","Male",180,2008-01-01,2018-01-01,NA,NA
2,2065,"Starting analysis population",NA,"Estimating prevalence","5",1,NA,0,"point","years",FALSE,"start",FALSE,5,5,"30;39","Male",180,2008-01-01,2018-01-01,NA,NA
2,2065,"Not observed during the complete database interval",0,"Estimating prevalence","5",1,NA,0,"point","years",FALSE,"start",FALSE,5,5,"30;39","Male",180,2008-01-01,2018-01-01,NA,NA
2,2065,"Do not satisfy full contribution requirement for an interval",0,"Estimating prevalence","5",1,NA,0,"point","years",FALSE,"start",FALSE,5,5,"30;39","Male",180,2008-01-01,2018-01-01,NA,NA
2,50000,"Starting population",NA,"Generating denominator cohort set","6",1,NA,0,"point","years",FALSE,"start",FALSE,5,6,"30;39","Both",180,2008-01-01,2018-01-01,NA,NA
2,50000,"Missing year of birth",0,"Generating denominator cohort set","6",1,NA,0,"point","years",FALSE,"start",FALSE,5,6,"30;39","Both",180,2008-01-01,2018-01-01,NA,NA
2,50000,"Missing sex",0,"Generating denominator cohort set","6",1,NA,0,"point","years",FALSE,"start",FALSE,5,6,"30;39","Both",180,2008-01-01,2018-01-01,NA,NA
2,50000,"Cannot satisfy age criteria during the study period based on year of birth",0,"Generating denominator cohort set","6",1,NA,0,"point","years",FALSE,"start",FALSE,5,6,"30;39","Both",180,2008-01-01,2018-01-01,NA,NA
2,38027,"No observation time available during study period",11973,"Generating denominator cohort set","6",1,NA,0,"point","years",FALSE,"start",FALSE,5,6,"30;39","Both",180,2008-01-01,2018-01-01,NA,NA
2,38027,"Doesn't satisfy age criteria during the study period",0,"Generating denominator cohort set","6",1,NA,0,"point","years",FALSE,"start",FALSE,5,6,"30;39","Both",180,2008-01-01,2018-01-01,NA,NA
2,30451,"Prior history requirement not fulfilled during study period",7576,"Generating denominator cohort set","6",1,NA,0,"point","years",FALSE,"start",FALSE,5,6,"30;39","Both",180,2008-01-01,2018-01-01,NA,NA
2,4215,"No observation time available after applying age and prior history criteria",26236,"Generating denominator cohort set","6",1,NA,0,"point","years",FALSE,"start",FALSE,5,6,"30;39","Both",180,2008-01-01,2018-01-01,NA,NA
2,4215,"Starting analysis population",NA,"Estimating prevalence","6",1,NA,0,"point","years",FALSE,"start",FALSE,5,6,"30;39","Both",180,2008-01-01,2018-01-01,NA,NA
2,4215,"Not observed during the complete database interval",0,"Estimating prevalence","6",1,NA,0,"point","years",FALSE,"start",FALSE,5,6,"30;39","Both",180,2008-01-01,2018-01-01,NA,NA
2,4215,"Do not satisfy full contribution requirement for an interval",0,"Estimating prevalence","6",1,NA,0,"point","years",FALSE,"start",FALSE,5,6,"30;39","Both",180,2008-01-01,2018-01-01,NA,NA
2,50000,"Starting population",NA,"Generating denominator cohort set","7",1,NA,0,"point","years",FALSE,"start",FALSE,5,7,"40;49","Female",180,2008-01-01,2018-01-01,NA,NA
2,50000,"Missing year of birth",0,"Generating denominator cohort set","7",1,NA,0,"point","years",FALSE,"start",FALSE,5,7,"40;49","Female",180,2008-01-01,2018-01-01,NA,NA
2,50000,"Missing sex",0,"Generating denominator cohort set","7",1,NA,0,"point","years",FALSE,"start",FALSE,5,7,"40;49","Female",180,2008-01-01,2018-01-01,NA,NA
2,50000,"Cannot satisfy age criteria during the study period based on year of birth",0,"Generating denominator cohort set","7",1,NA,0,"point","years",FALSE,"start",FALSE,5,7,"40;49","Female",180,2008-01-01,2018-01-01,NA,NA
2,38027,"No observation time available during study period",11973,"Generating denominator cohort set","7",1,NA,0,"point","years",FALSE,"start",FALSE,5,7,"40;49","Female",180,2008-01-01,2018-01-01,NA,NA
2,38027,"Doesn't satisfy age criteria during the study period",0,"Generating denominator cohort set","7",1,NA,0,"point","years",FALSE,"start",FALSE,5,7,"40;49","Female",180,2008-01-01,2018-01-01,NA,NA
2,30451,"Prior history requirement not fulfilled during study period",7576,"Generating denominator cohort set","7",1,NA,0,"point","years",FALSE,"start",FALSE,5,7,"40;49","Female",180,2008-01-01,2018-01-01,NA,NA
2,15397,"Not Female",15054,"Generating denominator cohort set","7",1,NA,0,"point","years",FALSE,"start",FALSE,5,7,"40;49","Female",180,2008-01-01,2018-01-01,NA,NA
2,2110,"No observation time available after applying age and prior history criteria",13287,"Generating denominator cohort set","7",1,NA,0,"point","years",FALSE,"start",FALSE,5,7,"40;49","Female",180,2008-01-01,2018-01-01,NA,NA
2,2110,"Starting analysis population",NA,"Estimating prevalence","7",1,NA,0,"point","years",FALSE,"start",FALSE,5,7,"40;49","Female",180,2008-01-01,2018-01-01,NA,NA
2,2110,"Not observed during the complete database interval",0,"Estimating prevalence","7",1,NA,0,"point","years",FALSE,"start",FALSE,5,7,"40;49","Female",180,2008-01-01,2018-01-01,NA,NA
2,2110,"Do not satisfy full contribution requirement for an interval",0,"Estimating prevalence","7",1,NA,0,"point","years",FALSE,"start",FALSE,5,7,"40;49","Female",180,2008-01-01,2018-01-01,NA,NA
2,50000,"Starting population",NA,"Generating denominator cohort set","8",1,NA,0,"point","years",FALSE,"start",FALSE,5,8,"40;49","Male",180,2008-01-01,2018-01-01,NA,NA
2,50000,"Missing year of birth",0,"Generating denominator cohort set","8",1,NA,0,"point","years",FALSE,"start",FALSE,5,8,"40;49","Male",180,2008-01-01,2018-01-01,NA,NA
2,50000,"Missing sex",0,"Generating denominator cohort set","8",1,NA,0,"point","years",FALSE,"start",FALSE,5,8,"40;49","Male",180,2008-01-01,2018-01-01,NA,NA
2,50000,"Cannot satisfy age criteria during the study period based on year of birth",0,"Generating denominator cohort set","8",1,NA,0,"point","years",FALSE,"start",FALSE,5,8,"40;49","Male",180,2008-01-01,2018-01-01,NA,NA
2,38027,"No observation time available during study period",11973,"Generating denominator cohort set","8",1,NA,0,"point","years",FALSE,"start",FALSE,5,8,"40;49","Male",180,2008-01-01,2018-01-01,NA,NA
2,38027,"Doesn't satisfy age criteria during the study period",0,"Generating denominator cohort set","8",1,NA,0,"point","years",FALSE,"start",FALSE,5,8,"40;49","Male",180,2008-01-01,2018-01-01,NA,NA
2,30451,"Prior history requirement not fulfilled during study period",7576,"Generating denominator cohort set","8",1,NA,0,"point","years",FALSE,"start",FALSE,5,8,"40;49","Male",180,2008-01-01,2018-01-01,NA,NA
2,15054,"Not Male",15397,"Generating denominator cohort set","8",1,NA,0,"point","years",FALSE,"start",FALSE,5,8,"40;49","Male",180,2008-01-01,2018-01-01,NA,NA
2,2066,"No observation time available after applying age and prior history criteria",12988,"Generating denominator cohort set","8",1,NA,0,"point","years",FALSE,"start",FALSE,5,8,"40;49","Male",180,2008-01-01,2018-01-01,NA,NA
2,2066,"Starting analysis population",NA,"Estimating prevalence","8",1,NA,0,"point","years",FALSE,"start",FALSE,5,8,"40;49","Male",180,2008-01-01,2018-01-01,NA,NA
2,2066,"Not observed during the complete database interval",0,"Estimating prevalence","8",1,NA,0,"point","years",FALSE,"start",FALSE,5,8,"40;49","Male",180,2008-01-01,2018-01-01,NA,NA
2,2066,"Do not satisfy full contribution requirement for an interval",0,"Estimating prevalence","8",1,NA,0,"point","years",FALSE,"start",FALSE,5,8,"40;49","Male",180,2008-01-01,2018-01-01,NA,NA
2,50000,"Starting population",NA,"Generating denominator cohort set","9",1,NA,0,"point","years",FALSE,"start",FALSE,5,9,"40;49","Both",180,2008-01-01,2018-01-01,NA,NA
2,50000,"Missing year of birth",0,"Generating denominator cohort set","9",1,NA,0,"point","years",FALSE,"start",FALSE,5,9,"40;49","Both",180,2008-01-01,2018-01-01,NA,NA
2,50000,"Missing sex",0,"Generating denominator cohort set","9",1,NA,0,"point","years",FALSE,"start",FALSE,5,9,"40;49","Both",180,2008-01-01,2018-01-01,NA,NA
2,50000,"Cannot satisfy age criteria during the study period based on year of birth",0,"Generating denominator cohort set","9",1,NA,0,"point","years",FALSE,"start",FALSE,5,9,"40;49","Both",180,2008-01-01,2018-01-01,NA,NA
2,38027,"No observation time available during study period",11973,"Generating denominator cohort set","9",1,NA,0,"point","years",FALSE,"start",FALSE,5,9,"40;49","Both",180,2008-01-01,2018-01-01,NA,NA
2,38027,"Doesn't satisfy age criteria during the study period",0,"Generating denominator cohort set","9",1,NA,0,"point","years",FALSE,"start",FALSE,5,9,"40;49","Both",180,2008-01-01,2018-01-01,NA,NA
2,30451,"Prior history requirement not fulfilled during study period",7576,"Generating denominator cohort set","9",1,NA,0,"point","years",FALSE,"start",FALSE,5,9,"40;49","Both",180,2008-01-01,2018-01-01,NA,NA
2,4176,"No observation time available after applying age and prior history criteria",26275,"Generating denominator cohort set","9",1,NA,0,"point","years",FALSE,"start",FALSE,5,9,"40;49","Both",180,2008-01-01,2018-01-01,NA,NA
2,4176,"Starting analysis population",NA,"Estimating prevalence","9",1,NA,0,"point","years",FALSE,"start",FALSE,5,9,"40;49","Both",180,2008-01-01,2018-01-01,NA,NA
2,4176,"Not observed during the complete database interval",0,"Estimating prevalence","9",1,NA,0,"point","years",FALSE,"start",FALSE,5,9,"40;49","Both",180,2008-01-01,2018-01-01,NA,NA
2,4176,"Do not satisfy full contribution requirement for an interval",0,"Estimating prevalence","9",1,NA,0,"point","years",FALSE,"start",FALSE,5,9,"40;49","Both",180,2008-01-01,2018-01-01,NA,NA
3,50000,"Starting population",NA,"Generating denominator cohort set","1",1,NA,0,"period","years",TRUE,"start",FALSE,0,1,"20;29","Female",180,2008-01-01,2018-01-01,NA,NA
3,50000,"Missing year of birth",0,"Generating denominator cohort set","1",1,NA,0,"period","years",TRUE,"start",FALSE,0,1,"20;29","Female",180,2008-01-01,2018-01-01,NA,NA
3,50000,"Missing sex",0,"Generating denominator cohort set","1",1,NA,0,"period","years",TRUE,"start",FALSE,0,1,"20;29","Female",180,2008-01-01,2018-01-01,NA,NA
3,50000,"Cannot satisfy age criteria during the study period based on year of birth",0,"Generating denominator cohort set","1",1,NA,0,"period","years",TRUE,"start",FALSE,0,1,"20;29","Female",180,2008-01-01,2018-01-01,NA,NA
3,38027,"No observation time available during study period",11973,"Generating denominator cohort set","1",1,NA,0,"period","years",TRUE,"start",FALSE,0,1,"20;29","Female",180,2008-01-01,2018-01-01,NA,NA
3,38027,"Doesn't satisfy age criteria during the study period",0,"Generating denominator cohort set","1",1,NA,0,"period","years",TRUE,"start",FALSE,0,1,"20;29","Female",180,2008-01-01,2018-01-01,NA,NA
3,30451,"Prior history requirement not fulfilled during study period",7576,"Generating denominator cohort set","1",1,NA,0,"period","years",TRUE,"start",FALSE,0,1,"20;29","Female",180,2008-01-01,2018-01-01,NA,NA
3,15397,"Not Female",15054,"Generating denominator cohort set","1",1,NA,0,"period","years",TRUE,"start",FALSE,0,1,"20;29","Female",180,2008-01-01,2018-01-01,NA,NA
3,2143,"No observation time available after applying age and prior history criteria",13254,"Generating denominator cohort set","1",1,NA,0,"period","years",TRUE,"start",FALSE,0,1,"20;29","Female",180,2008-01-01,2018-01-01,NA,NA
3,2143,"Starting analysis population",NA,"Estimating prevalence","1",1,NA,0,"period","years",TRUE,"start",FALSE,0,1,"20;29","Female",180,2008-01-01,2018-01-01,NA,NA
3,2143,"Not observed during the complete database interval",0,"Estimating prevalence","1",1,NA,0,"period","years",TRUE,"start",FALSE,0,1,"20;29","Female",180,2008-01-01,2018-01-01,NA,NA
3,2143,"Do not satisfy full contribution requirement for an interval",0,"Estimating prevalence","1",1,NA,0,"period","years",TRUE,"start",FALSE,0,1,"20;29","Female",180,2008-01-01,2018-01-01,NA,NA
3,50000,"Starting population",NA,"Generating denominator cohort set","10",1,NA,0,"period","years",TRUE,"start",FALSE,0,10,"50;59","Female",180,2008-01-01,2018-01-01,NA,NA
3,50000,"Missing year of birth",0,"Generating denominator cohort set","10",1,NA,0,"period","years",TRUE,"start",FALSE,0,10,"50;59","Female",180,2008-01-01,2018-01-01,NA,NA
3,50000,"Missing sex",0,"Generating denominator cohort set","10",1,NA,0,"period","years",TRUE,"start",FALSE,0,10,"50;59","Female",180,2008-01-01,2018-01-01,NA,NA
3,50000,"Cannot satisfy age criteria during the study period based on year of birth",0,"Generating denominator cohort set","10",1,NA,0,"period","years",TRUE,"start",FALSE,0,10,"50;59","Female",180,2008-01-01,2018-01-01,NA,NA
3,38027,"No observation time available during study period",11973,"Generating denominator cohort set","10",1,NA,0,"period","years",TRUE,"start",FALSE,0,10,"50;59","Female",180,2008-01-01,2018-01-01,NA,NA
3,38027,"Doesn't satisfy age criteria during the study period",0,"Generating denominator cohort set","10",1,NA,0,"period","years",TRUE,"start",FALSE,0,10,"50;59","Female",180,2008-01-01,2018-01-01,NA,NA
3,30451,"Prior history requirement not fulfilled during study period",7576,"Generating denominator cohort set","10",1,NA,0,"period","years",TRUE,"start",FALSE,0,10,"50;59","Female",180,2008-01-01,2018-01-01,NA,NA
3,15397,"Not Female",15054,"Generating denominator cohort set","10",1,NA,0,"period","years",TRUE,"start",FALSE,0,10,"50;59","Female",180,2008-01-01,2018-01-01,NA,NA
3,2099,"No observation time available after applying age and prior history criteria",13298,"Generating denominator cohort set","10",1,NA,0,"period","years",TRUE,"start",FALSE,0,10,"50;59","Female",180,2008-01-01,2018-01-01,NA,NA
3,2099,"Starting analysis population",NA,"Estimating prevalence","10",1,NA,0,"period","years",TRUE,"start",FALSE,0,10,"50;59","Female",180,2008-01-01,2018-01-01,NA,NA
3,2099,"Not observed during the complete database interval",0,"Estimating prevalence","10",1,NA,0,"period","years",TRUE,"start",FALSE,0,10,"50;59","Female",180,2008-01-01,2018-01-01,NA,NA
3,2099,"Do not satisfy full contribution requirement for an interval",0,"Estimating prevalence","10",1,NA,0,"period","years",TRUE,"start",FALSE,0,10,"50;59","Female",180,2008-01-01,2018-01-01,NA,NA
3,50000,"Starting population",NA,"Generating denominator cohort set","11",1,NA,0,"period","years",TRUE,"start",FALSE,0,11,"50;59","Male",180,2008-01-01,2018-01-01,NA,NA
3,50000,"Missing year of birth",0,"Generating denominator cohort set","11",1,NA,0,"period","years",TRUE,"start",FALSE,0,11,"50;59","Male",180,2008-01-01,2018-01-01,NA,NA
3,50000,"Missing sex",0,"Generating denominator cohort set","11",1,NA,0,"period","years",TRUE,"start",FALSE,0,11,"50;59","Male",180,2008-01-01,2018-01-01,NA,NA
3,50000,"Cannot satisfy age criteria during the study period based on year of birth",0,"Generating denominator cohort set","11",1,NA,0,"period","years",TRUE,"start",FALSE,0,11,"50;59","Male",180,2008-01-01,2018-01-01,NA,NA
3,38027,"No observation time available during study period",11973,"Generating denominator cohort set","11",1,NA,0,"period","years",TRUE,"start",FALSE,0,11,"50;59","Male",180,2008-01-01,2018-01-01,NA,NA
3,38027,"Doesn't satisfy age criteria during the study period",0,"Generating denominator cohort set","11",1,NA,0,"period","years",TRUE,"start",FALSE,0,11,"50;59","Male",180,2008-01-01,2018-01-01,NA,NA
3,30451,"Prior history requirement not fulfilled during study period",7576,"Generating denominator cohort set","11",1,NA,0,"period","years",TRUE,"start",FALSE,0,11,"50;59","Male",180,2008-01-01,2018-01-01,NA,NA
3,15054,"Not Male",15397,"Generating denominator cohort set","11",1,NA,0,"period","years",TRUE,"start",FALSE,0,11,"50;59","Male",180,2008-01-01,2018-01-01,NA,NA
3,2071,"No observation time available after applying age and prior history criteria",12983,"Generating denominator cohort set","11",1,NA,0,"period","years",TRUE,"start",FALSE,0,11,"50;59","Male",180,2008-01-01,2018-01-01,NA,NA
3,2071,"Starting analysis population",NA,"Estimating prevalence","11",1,NA,0,"period","years",TRUE,"start",FALSE,0,11,"50;59","Male",180,2008-01-01,2018-01-01,NA,NA
3,2069,"Not observed during the complete database interval",2,"Estimating prevalence","11",1,NA,0,"period","years",TRUE,"start",FALSE,0,11,"50;59","Male",180,2008-01-01,2018-01-01,NA,NA
3,2069,"Do not satisfy full contribution requirement for an interval",0,"Estimating prevalence","11",1,NA,0,"period","years",TRUE,"start",FALSE,0,11,"50;59","Male",180,2008-01-01,2018-01-01,NA,NA
3,50000,"Starting population",NA,"Generating denominator cohort set","12",1,NA,0,"period","years",TRUE,"start",FALSE,0,12,"50;59","Both",180,2008-01-01,2018-01-01,NA,NA
3,50000,"Missing year of birth",0,"Generating denominator cohort set","12",1,NA,0,"period","years",TRUE,"start",FALSE,0,12,"50;59","Both",180,2008-01-01,2018-01-01,NA,NA
3,50000,"Missing sex",0,"Generating denominator cohort set","12",1,NA,0,"period","years",TRUE,"start",FALSE,0,12,"50;59","Both",180,2008-01-01,2018-01-01,NA,NA
3,50000,"Cannot satisfy age criteria during the study period based on year of birth",0,"Generating denominator cohort set","12",1,NA,0,"period","years",TRUE,"start",FALSE,0,12,"50;59","Both",180,2008-01-01,2018-01-01,NA,NA
3,38027,"No observation time available during study period",11973,"Generating denominator cohort set","12",1,NA,0,"period","years",TRUE,"start",FALSE,0,12,"50;59","Both",180,2008-01-01,2018-01-01,NA,NA
3,38027,"Doesn't satisfy age criteria during the study period",0,"Generating denominator cohort set","12",1,NA,0,"period","years",TRUE,"start",FALSE,0,12,"50;59","Both",180,2008-01-01,2018-01-01,NA,NA
3,30451,"Prior history requirement not fulfilled during study period",7576,"Generating denominator cohort set","12",1,NA,0,"period","years",TRUE,"start",FALSE,0,12,"50;59","Both",180,2008-01-01,2018-01-01,NA,NA
3,4170,"No observation time available after applying age and prior history criteria",26281,"Generating denominator cohort set","12",1,NA,0,"period","years",TRUE,"start",FALSE,0,12,"50;59","Both",180,2008-01-01,2018-01-01,NA,NA
3,4170,"Starting analysis population",NA,"Estimating prevalence","12",1,NA,0,"period","years",TRUE,"start",FALSE,0,12,"50;59","Both",180,2008-01-01,2018-01-01,NA,NA
3,4168,"Not observed during the complete database interval",2,"Estimating prevalence","12",1,NA,0,"period","years",TRUE,"start",FALSE,0,12,"50;59","Both",180,2008-01-01,2018-01-01,NA,NA
3,4168,"Do not satisfy full contribution requirement for an interval",0,"Estimating prevalence","12",1,NA,0,"period","years",TRUE,"start",FALSE,0,12,"50;59","Both",180,2008-01-01,2018-01-01,NA,NA
3,50000,"Starting population",NA,"Generating denominator cohort set","13",1,NA,0,"period","years",TRUE,"start",FALSE,0,13,"60;69","Female",180,2008-01-01,2018-01-01,NA,NA
3,50000,"Missing year of birth",0,"Generating denominator cohort set","13",1,NA,0,"period","years",TRUE,"start",FALSE,0,13,"60;69","Female",180,2008-01-01,2018-01-01,NA,NA
3,50000,"Missing sex",0,"Generating denominator cohort set","13",1,NA,0,"period","years",TRUE,"start",FALSE,0,13,"60;69","Female",180,2008-01-01,2018-01-01,NA,NA
3,50000,"Cannot satisfy age criteria during the study period based on year of birth",0,"Generating denominator cohort set","13",1,NA,0,"period","years",TRUE,"start",FALSE,0,13,"60;69","Female",180,2008-01-01,2018-01-01,NA,NA
3,38027,"No observation time available during study period",11973,"Generating denominator cohort set","13",1,NA,0,"period","years",TRUE,"start",FALSE,0,13,"60;69","Female",180,2008-01-01,2018-01-01,NA,NA
3,38027,"Doesn't satisfy age criteria during the study period",0,"Generating denominator cohort set","13",1,NA,0,"period","years",TRUE,"start",FALSE,0,13,"60;69","Female",180,2008-01-01,2018-01-01,NA,NA
3,30451,"Prior history requirement not fulfilled during study period",7576,"Generating denominator cohort set","13",1,NA,0,"period","years",TRUE,"start",FALSE,0,13,"60;69","Female",180,2008-01-01,2018-01-01,NA,NA
3,15397,"Not Female",15054,"Generating denominator cohort set","13",1,NA,0,"period","years",TRUE,"start",FALSE,0,13,"60;69","Female",180,2008-01-01,2018-01-01,NA,NA
3,2086,"No observation time available after applying age and prior history criteria",13311,"Generating denominator cohort set","13",1,NA,0,"period","years",TRUE,"start",FALSE,0,13,"60;69","Female",180,2008-01-01,2018-01-01,NA,NA
3,2086,"Starting analysis population",NA,"Estimating prevalence","13",1,NA,0,"period","years",TRUE,"start",FALSE,0,13,"60;69","Female",180,2008-01-01,2018-01-01,NA,NA
3,2086,"Not observed during the complete database interval",0,"Estimating prevalence","13",1,NA,0,"period","years",TRUE,"start",FALSE,0,13,"60;69","Female",180,2008-01-01,2018-01-01,NA,NA
3,2086,"Do not satisfy full contribution requirement for an interval",0,"Estimating prevalence","13",1,NA,0,"period","years",TRUE,"start",FALSE,0,13,"60;69","Female",180,2008-01-01,2018-01-01,NA,NA
3,50000,"Starting population",NA,"Generating denominator cohort set","14",1,NA,0,"period","years",TRUE,"start",FALSE,0,14,"60;69","Male",180,2008-01-01,2018-01-01,NA,NA
3,50000,"Missing year of birth",0,"Generating denominator cohort set","14",1,NA,0,"period","years",TRUE,"start",FALSE,0,14,"60;69","Male",180,2008-01-01,2018-01-01,NA,NA
3,50000,"Missing sex",0,"Generating denominator cohort set","14",1,NA,0,"period","years",TRUE,"start",FALSE,0,14,"60;69","Male",180,2008-01-01,2018-01-01,NA,NA
3,50000,"Cannot satisfy age criteria during the study period based on year of birth",0,"Generating denominator cohort set","14",1,NA,0,"period","years",TRUE,"start",FALSE,0,14,"60;69","Male",180,2008-01-01,2018-01-01,NA,NA
3,38027,"No observation time available during study period",11973,"Generating denominator cohort set","14",1,NA,0,"period","years",TRUE,"start",FALSE,0,14,"60;69","Male",180,2008-01-01,2018-01-01,NA,NA
3,38027,"Doesn't satisfy age criteria during the study period",0,"Generating denominator cohort set","14",1,NA,0,"period","years",TRUE,"start",FALSE,0,14,"60;69","Male",180,2008-01-01,2018-01-01,NA,NA
3,30451,"Prior history requirement not fulfilled during study period",7576,"Generating denominator cohort set","14",1,NA,0,"period","years",TRUE,"start",FALSE,0,14,"60;69","Male",180,2008-01-01,2018-01-01,NA,NA
3,15054,"Not Male",15397,"Generating denominator cohort set","14",1,NA,0,"period","years",TRUE,"start",FALSE,0,14,"60;69","Male",180,2008-01-01,2018-01-01,NA,NA
3,2117,"No observation time available after applying age and prior history criteria",12937,"Generating denominator cohort set","14",1,NA,0,"period","years",TRUE,"start",FALSE,0,14,"60;69","Male",180,2008-01-01,2018-01-01,NA,NA
3,2117,"Starting analysis population",NA,"Estimating prevalence","14",1,NA,0,"period","years",TRUE,"start",FALSE,0,14,"60;69","Male",180,2008-01-01,2018-01-01,NA,NA
3,2117,"Not observed during the complete database interval",0,"Estimating prevalence","14",1,NA,0,"period","years",TRUE,"start",FALSE,0,14,"60;69","Male",180,2008-01-01,2018-01-01,NA,NA
3,2117,"Do not satisfy full contribution requirement for an interval",0,"Estimating prevalence","14",1,NA,0,"period","years",TRUE,"start",FALSE,0,14,"60;69","Male",180,2008-01-01,2018-01-01,NA,NA
3,50000,"Starting population",NA,"Generating denominator cohort set","15",1,NA,0,"period","years",TRUE,"start",FALSE,0,15,"60;69","Both",180,2008-01-01,2018-01-01,NA,NA
3,50000,"Missing year of birth",0,"Generating denominator cohort set","15",1,NA,0,"period","years",TRUE,"start",FALSE,0,15,"60;69","Both",180,2008-01-01,2018-01-01,NA,NA
3,50000,"Missing sex",0,"Generating denominator cohort set","15",1,NA,0,"period","years",TRUE,"start",FALSE,0,15,"60;69","Both",180,2008-01-01,2018-01-01,NA,NA
3,50000,"Cannot satisfy age criteria during the study period based on year of birth",0,"Generating denominator cohort set","15",1,NA,0,"period","years",TRUE,"start",FALSE,0,15,"60;69","Both",180,2008-01-01,2018-01-01,NA,NA
3,38027,"No observation time available during study period",11973,"Generating denominator cohort set","15",1,NA,0,"period","years",TRUE,"start",FALSE,0,15,"60;69","Both",180,2008-01-01,2018-01-01,NA,NA
3,38027,"Doesn't satisfy age criteria during the study period",0,"Generating denominator cohort set","15",1,NA,0,"period","years",TRUE,"start",FALSE,0,15,"60;69","Both",180,2008-01-01,2018-01-01,NA,NA
3,30451,"Prior history requirement not fulfilled during study period",7576,"Generating denominator cohort set","15",1,NA,0,"period","years",TRUE,"start",FALSE,0,15,"60;69","Both",180,2008-01-01,2018-01-01,NA,NA
3,4203,"No observation time available after applying age and prior history criteria",26248,"Generating denominator cohort set","15",1,NA,0,"period","years",TRUE,"start",FALSE,0,15,"60;69","Both",180,2008-01-01,2018-01-01,NA,NA
3,4203,"Starting analysis population",NA,"Estimating prevalence","15",1,NA,0,"period","years",TRUE,"start",FALSE,0,15,"60;69","Both",180,2008-01-01,2018-01-01,NA,NA
3,4203,"Not observed during the complete database interval",0,"Estimating prevalence","15",1,NA,0,"period","years",TRUE,"start",FALSE,0,15,"60;69","Both",180,2008-01-01,2018-01-01,NA,NA
3,4203,"Do not satisfy full contribution requirement for an interval",0,"Estimating prevalence","15",1,NA,0,"period","years",TRUE,"start",FALSE,0,15,"60;69","Both",180,2008-01-01,2018-01-01,NA,NA
3,50000,"Starting population",NA,"Generating denominator cohort set","16",1,NA,0,"period","years",TRUE,"start",FALSE,0,16,"0;99","Female",180,2008-01-01,2018-01-01,NA,NA
3,50000,"Missing year of birth",0,"Generating denominator cohort set","16",1,NA,0,"period","years",TRUE,"start",FALSE,0,16,"0;99","Female",180,2008-01-01,2018-01-01,NA,NA
3,50000,"Missing sex",0,"Generating denominator cohort set","16",1,NA,0,"period","years",TRUE,"start",FALSE,0,16,"0;99","Female",180,2008-01-01,2018-01-01,NA,NA
3,50000,"Cannot satisfy age criteria during the study period based on year of birth",0,"Generating denominator cohort set","16",1,NA,0,"period","years",TRUE,"start",FALSE,0,16,"0;99","Female",180,2008-01-01,2018-01-01,NA,NA
3,38027,"No observation time available during study period",11973,"Generating denominator cohort set","16",1,NA,0,"period","years",TRUE,"start",FALSE,0,16,"0;99","Female",180,2008-01-01,2018-01-01,NA,NA
3,38027,"Doesn't satisfy age criteria during the study period",0,"Generating denominator cohort set","16",1,NA,0,"period","years",TRUE,"start",FALSE,0,16,"0;99","Female",180,2008-01-01,2018-01-01,NA,NA
3,30451,"Prior history requirement not fulfilled during study period",7576,"Generating denominator cohort set","16",1,NA,0,"period","years",TRUE,"start",FALSE,0,16,"0;99","Female",180,2008-01-01,2018-01-01,NA,NA
3,15397,"Not Female",15054,"Generating denominator cohort set","16",1,NA,0,"period","years",TRUE,"start",FALSE,0,16,"0;99","Female",180,2008-01-01,2018-01-01,NA,NA
3,15397,"No observation time available after applying age and prior history criteria",0,"Generating denominator cohort set","16",1,NA,0,"period","years",TRUE,"start",FALSE,0,16,"0;99","Female",180,2008-01-01,2018-01-01,NA,NA
3,15397,"Starting analysis population",NA,"Estimating prevalence","16",1,NA,0,"period","years",TRUE,"start",FALSE,0,16,"0;99","Female",180,2008-01-01,2018-01-01,NA,NA
3,15394,"Not observed during the complete database interval",3,"Estimating prevalence","16",1,NA,0,"period","years",TRUE,"start",FALSE,0,16,"0;99","Female",180,2008-01-01,2018-01-01,NA,NA
3,15394,"Do not satisfy full contribution requirement for an interval",0,"Estimating prevalence","16",1,NA,0,"period","years",TRUE,"start",FALSE,0,16,"0;99","Female",180,2008-01-01,2018-01-01,NA,NA
3,50000,"Starting population",NA,"Generating denominator cohort set","17",1,NA,0,"period","years",TRUE,"start",FALSE,0,17,"0;99","Male",180,2008-01-01,2018-01-01,NA,NA
3,50000,"Missing year of birth",0,"Generating denominator cohort set","17",1,NA,0,"period","years",TRUE,"start",FALSE,0,17,"0;99","Male",180,2008-01-01,2018-01-01,NA,NA
3,50000,"Missing sex",0,"Generating denominator cohort set","17",1,NA,0,"period","years",TRUE,"start",FALSE,0,17,"0;99","Male",180,2008-01-01,2018-01-01,NA,NA
3,50000,"Cannot satisfy age criteria during the study period based on year of birth",0,"Generating denominator cohort set","17",1,NA,0,"period","years",TRUE,"start",FALSE,0,17,"0;99","Male",180,2008-01-01,2018-01-01,NA,NA
3,38027,"No observation time available during study period",11973,"Generating denominator cohort set","17",1,NA,0,"period","years",TRUE,"start",FALSE,0,17,"0;99","Male",180,2008-01-01,2018-01-01,NA,NA
3,38027,"Doesn't satisfy age criteria during the study period",0,"Generating denominator cohort set","17",1,NA,0,"period","years",TRUE,"start",FALSE,0,17,"0;99","Male",180,2008-01-01,2018-01-01,NA,NA
3,30451,"Prior history requirement not fulfilled during study period",7576,"Generating denominator cohort set","17",1,NA,0,"period","years",TRUE,"start",FALSE,0,17,"0;99","Male",180,2008-01-01,2018-01-01,NA,NA
3,15054,"Not Male",15397,"Generating denominator cohort set","17",1,NA,0,"period","years",TRUE,"start",FALSE,0,17,"0;99","Male",180,2008-01-01,2018-01-01,NA,NA
3,15054,"No observation time available after applying age and prior history criteria",0,"Generating denominator cohort set","17",1,NA,0,"period","years",TRUE,"start",FALSE,0,17,"0;99","Male",180,2008-01-01,2018-01-01,NA,NA
3,15054,"Starting analysis population",NA,"Estimating prevalence","17",1,NA,0,"period","years",TRUE,"start",FALSE,0,17,"0;99","Male",180,2008-01-01,2018-01-01,NA,NA
3,15050,"Not observed during the complete database interval",4,"Estimating prevalence","17",1,NA,0,"period","years",TRUE,"start",FALSE,0,17,"0;99","Male",180,2008-01-01,2018-01-01,NA,NA
3,15050,"Do not satisfy full contribution requirement for an interval",0,"Estimating prevalence","17",1,NA,0,"period","years",TRUE,"start",FALSE,0,17,"0;99","Male",180,2008-01-01,2018-01-01,NA,NA
3,50000,"Starting population",NA,"Generating denominator cohort set","18",1,NA,0,"period","years",TRUE,"start",FALSE,0,18,"0;99","Both",180,2008-01-01,2018-01-01,NA,NA
3,50000,"Missing year of birth",0,"Generating denominator cohort set","18",1,NA,0,"period","years",TRUE,"start",FALSE,0,18,"0;99","Both",180,2008-01-01,2018-01-01,NA,NA
3,50000,"Missing sex",0,"Generating denominator cohort set","18",1,NA,0,"period","years",TRUE,"start",FALSE,0,18,"0;99","Both",180,2008-01-01,2018-01-01,NA,NA
3,50000,"Cannot satisfy age criteria during the study period based on year of birth",0,"Generating denominator cohort set","18",1,NA,0,"period","years",TRUE,"start",FALSE,0,18,"0;99","Both",180,2008-01-01,2018-01-01,NA,NA
3,38027,"No observation time available during study period",11973,"Generating denominator cohort set","18",1,NA,0,"period","years",TRUE,"start",FALSE,0,18,"0;99","Both",180,2008-01-01,2018-01-01,NA,NA
3,38027,"Doesn't satisfy age criteria during the study period",0,"Generating denominator cohort set","18",1,NA,0,"period","years",TRUE,"start",FALSE,0,18,"0;99","Both",180,2008-01-01,2018-01-01,NA,NA
3,30451,"Prior history requirement not fulfilled during study period",7576,"Generating denominator cohort set","18",1,NA,0,"period","years",TRUE,"start",FALSE,0,18,"0;99","Both",180,2008-01-01,2018-01-01,NA,NA
3,30451,"No observation time available after applying age and prior history criteria",0,"Generating denominator cohort set","18",1,NA,0,"period","years",TRUE,"start",FALSE,0,18,"0;99","Both",180,2008-01-01,2018-01-01,NA,NA
3,30451,"Starting analysis population",NA,"Estimating prevalence","18",1,NA,0,"period","years",TRUE,"start",FALSE,0,18,"0;99","Both",180,2008-01-01,2018-01-01,NA,NA
3,30444,"Not observed during the complete database interval",7,"Estimating prevalence","18",1,NA,0,"period","years",TRUE,"start",FALSE,0,18,"0;99","Both",180,2008-01-01,2018-01-01,NA,NA
3,30444,"Do not satisfy full contribution requirement for an interval",0,"Estimating prevalence","18",1,NA,0,"period","years",TRUE,"start",FALSE,0,18,"0;99","Both",180,2008-01-01,2018-01-01,NA,NA
3,50000,"Starting population",NA,"Generating denominator cohort set","2",1,NA,0,"period","years",TRUE,"start",FALSE,0,2,"20;29","Male",180,2008-01-01,2018-01-01,NA,NA
3,50000,"Missing year of birth",0,"Generating denominator cohort set","2",1,NA,0,"period","years",TRUE,"start",FALSE,0,2,"20;29","Male",180,2008-01-01,2018-01-01,NA,NA
3,50000,"Missing sex",0,"Generating denominator cohort set","2",1,NA,0,"period","years",TRUE,"start",FALSE,0,2,"20;29","Male",180,2008-01-01,2018-01-01,NA,NA
3,50000,"Cannot satisfy age criteria during the study period based on year of birth",0,"Generating denominator cohort set","2",1,NA,0,"period","years",TRUE,"start",FALSE,0,2,"20;29","Male",180,2008-01-01,2018-01-01,NA,NA
3,38027,"No observation time available during study period",11973,"Generating denominator cohort set","2",1,NA,0,"period","years",TRUE,"start",FALSE,0,2,"20;29","Male",180,2008-01-01,2018-01-01,NA,NA
3,38027,"Doesn't satisfy age criteria during the study period",0,"Generating denominator cohort set","2",1,NA,0,"period","years",TRUE,"start",FALSE,0,2,"20;29","Male",180,2008-01-01,2018-01-01,NA,NA
3,30451,"Prior history requirement not fulfilled during study period",7576,"Generating denominator cohort set","2",1,NA,0,"period","years",TRUE,"start",FALSE,0,2,"20;29","Male",180,2008-01-01,2018-01-01,NA,NA
3,15054,"Not Male",15397,"Generating denominator cohort set","2",1,NA,0,"period","years",TRUE,"start",FALSE,0,2,"20;29","Male",180,2008-01-01,2018-01-01,NA,NA
3,2054,"No observation time available after applying age and prior history criteria",13000,"Generating denominator cohort set","2",1,NA,0,"period","years",TRUE,"start",FALSE,0,2,"20;29","Male",180,2008-01-01,2018-01-01,NA,NA
3,2054,"Starting analysis population",NA,"Estimating prevalence","2",1,NA,0,"period","years",TRUE,"start",FALSE,0,2,"20;29","Male",180,2008-01-01,2018-01-01,NA,NA
3,2053,"Not observed during the complete database interval",1,"Estimating prevalence","2",1,NA,0,"period","years",TRUE,"start",FALSE,0,2,"20;29","Male",180,2008-01-01,2018-01-01,NA,NA
3,2053,"Do not satisfy full contribution requirement for an interval",0,"Estimating prevalence","2",1,NA,0,"period","years",TRUE,"start",FALSE,0,2,"20;29","Male",180,2008-01-01,2018-01-01,NA,NA
3,50000,"Starting population",NA,"Generating denominator cohort set","3",1,NA,0,"period","years",TRUE,"start",FALSE,0,3,"20;29","Both",180,2008-01-01,2018-01-01,NA,NA
3,50000,"Missing year of birth",0,"Generating denominator cohort set","3",1,NA,0,"period","years",TRUE,"start",FALSE,0,3,"20;29","Both",180,2008-01-01,2018-01-01,NA,NA
3,50000,"Missing sex",0,"Generating denominator cohort set","3",1,NA,0,"period","years",TRUE,"start",FALSE,0,3,"20;29","Both",180,2008-01-01,2018-01-01,NA,NA
3,50000,"Cannot satisfy age criteria during the study period based on year of birth",0,"Generating denominator cohort set","3",1,NA,0,"period","years",TRUE,"start",FALSE,0,3,"20;29","Both",180,2008-01-01,2018-01-01,NA,NA
3,38027,"No observation time available during study period",11973,"Generating denominator cohort set","3",1,NA,0,"period","years",TRUE,"start",FALSE,0,3,"20;29","Both",180,2008-01-01,2018-01-01,NA,NA
3,38027,"Doesn't satisfy age criteria during the study period",0,"Generating denominator cohort set","3",1,NA,0,"period","years",TRUE,"start",FALSE,0,3,"20;29","Both",180,2008-01-01,2018-01-01,NA,NA
3,30451,"Prior history requirement not fulfilled during study period",7576,"Generating denominator cohort set","3",1,NA,0,"period","years",TRUE,"start",FALSE,0,3,"20;29","Both",180,2008-01-01,2018-01-01,NA,NA
3,4197,"No observation time available after applying age and prior history criteria",26254,"Generating denominator cohort set","3",1,NA,0,"period","years",TRUE,"start",FALSE,0,3,"20;29","Both",180,2008-01-01,2018-01-01,NA,NA
3,4197,"Starting analysis population",NA,"Estimating prevalence","3",1,NA,0,"period","years",TRUE,"start",FALSE,0,3,"20;29","Both",180,2008-01-01,2018-01-01,NA,NA
3,4196,"Not observed during the complete database interval",1,"Estimating prevalence","3",1,NA,0,"period","years",TRUE,"start",FALSE,0,3,"20;29","Both",180,2008-01-01,2018-01-01,NA,NA
3,4196,"Do not satisfy full contribution requirement for an interval",0,"Estimating prevalence","3",1,NA,0,"period","years",TRUE,"start",FALSE,0,3,"20;29","Both",180,2008-01-01,2018-01-01,NA,NA
3,50000,"Starting population",NA,"Generating denominator cohort set","4",1,NA,0,"period","years",TRUE,"start",FALSE,0,4,"30;39","Female",180,2008-01-01,2018-01-01,NA,NA
3,50000,"Missing year of birth",0,"Generating denominator cohort set","4",1,NA,0,"period","years",TRUE,"start",FALSE,0,4,"30;39","Female",180,2008-01-01,2018-01-01,NA,NA
3,50000,"Missing sex",0,"Generating denominator cohort set","4",1,NA,0,"period","years",TRUE,"start",FALSE,0,4,"30;39","Female",180,2008-01-01,2018-01-01,NA,NA
3,50000,"Cannot satisfy age criteria during the study period based on year of birth",0,"Generating denominator cohort set","4",1,NA,0,"period","years",TRUE,"start",FALSE,0,4,"30;39","Female",180,2008-01-01,2018-01-01,NA,NA
3,38027,"No observation time available during study period",11973,"Generating denominator cohort set","4",1,NA,0,"period","years",TRUE,"start",FALSE,0,4,"30;39","Female",180,2008-01-01,2018-01-01,NA,NA
3,38027,"Doesn't satisfy age criteria during the study period",0,"Generating denominator cohort set","4",1,NA,0,"period","years",TRUE,"start",FALSE,0,4,"30;39","Female",180,2008-01-01,2018-01-01,NA,NA
3,30451,"Prior history requirement not fulfilled during study period",7576,"Generating denominator cohort set","4",1,NA,0,"period","years",TRUE,"start",FALSE,0,4,"30;39","Female",180,2008-01-01,2018-01-01,NA,NA
3,15397,"Not Female",15054,"Generating denominator cohort set","4",1,NA,0,"period","years",TRUE,"start",FALSE,0,4,"30;39","Female",180,2008-01-01,2018-01-01,NA,NA
3,2150,"No observation time available after applying age and prior history criteria",13247,"Generating denominator cohort set","4",1,NA,0,"period","years",TRUE,"start",FALSE,0,4,"30;39","Female",180,2008-01-01,2018-01-01,NA,NA
3,2150,"Starting analysis population",NA,"Estimating prevalence","4",1,NA,0,"period","years",TRUE,"start",FALSE,0,4,"30;39","Female",180,2008-01-01,2018-01-01,NA,NA
3,2150,"Not observed during the complete database interval",0,"Estimating prevalence","4",1,NA,0,"period","years",TRUE,"start",FALSE,0,4,"30;39","Female",180,2008-01-01,2018-01-01,NA,NA
3,2150,"Do not satisfy full contribution requirement for an interval",0,"Estimating prevalence","4",1,NA,0,"period","years",TRUE,"start",FALSE,0,4,"30;39","Female",180,2008-01-01,2018-01-01,NA,NA
3,50000,"Starting population",NA,"Generating denominator cohort set","5",1,NA,0,"period","years",TRUE,"start",FALSE,0,5,"30;39","Male",180,2008-01-01,2018-01-01,NA,NA
3,50000,"Missing year of birth",0,"Generating denominator cohort set","5",1,NA,0,"period","years",TRUE,"start",FALSE,0,5,"30;39","Male",180,2008-01-01,2018-01-01,NA,NA
3,50000,"Missing sex",0,"Generating denominator cohort set","5",1,NA,0,"period","years",TRUE,"start",FALSE,0,5,"30;39","Male",180,2008-01-01,2018-01-01,NA,NA
3,50000,"Cannot satisfy age criteria during the study period based on year of birth",0,"Generating denominator cohort set","5",1,NA,0,"period","years",TRUE,"start",FALSE,0,5,"30;39","Male",180,2008-01-01,2018-01-01,NA,NA
3,38027,"No observation time available during study period",11973,"Generating denominator cohort set","5",1,NA,0,"period","years",TRUE,"start",FALSE,0,5,"30;39","Male",180,2008-01-01,2018-01-01,NA,NA
3,38027,"Doesn't satisfy age criteria during the study period",0,"Generating denominator cohort set","5",1,NA,0,"period","years",TRUE,"start",FALSE,0,5,"30;39","Male",180,2008-01-01,2018-01-01,NA,NA
3,30451,"Prior history requirement not fulfilled during study period",7576,"Generating denominator cohort set","5",1,NA,0,"period","years",TRUE,"start",FALSE,0,5,"30;39","Male",180,2008-01-01,2018-01-01,NA,NA
3,15054,"Not Male",15397,"Generating denominator cohort set","5",1,NA,0,"period","years",TRUE,"start",FALSE,0,5,"30;39","Male",180,2008-01-01,2018-01-01,NA,NA
3,2065,"No observation time available after applying age and prior history criteria",12989,"Generating denominator cohort set","5",1,NA,0,"period","years",TRUE,"start",FALSE,0,5,"30;39","Male",180,2008-01-01,2018-01-01,NA,NA
3,2065,"Starting analysis population",NA,"Estimating prevalence","5",1,NA,0,"period","years",TRUE,"start",FALSE,0,5,"30;39","Male",180,2008-01-01,2018-01-01,NA,NA
3,2065,"Not observed during the complete database interval",0,"Estimating prevalence","5",1,NA,0,"period","years",TRUE,"start",FALSE,0,5,"30;39","Male",180,2008-01-01,2018-01-01,NA,NA
3,2065,"Do not satisfy full contribution requirement for an interval",0,"Estimating prevalence","5",1,NA,0,"period","years",TRUE,"start",FALSE,0,5,"30;39","Male",180,2008-01-01,2018-01-01,NA,NA
3,50000,"Starting population",NA,"Generating denominator cohort set","6",1,NA,0,"period","years",TRUE,"start",FALSE,0,6,"30;39","Both",180,2008-01-01,2018-01-01,NA,NA
3,50000,"Missing year of birth",0,"Generating denominator cohort set","6",1,NA,0,"period","years",TRUE,"start",FALSE,0,6,"30;39","Both",180,2008-01-01,2018-01-01,NA,NA
3,50000,"Missing sex",0,"Generating denominator cohort set","6",1,NA,0,"period","years",TRUE,"start",FALSE,0,6,"30;39","Both",180,2008-01-01,2018-01-01,NA,NA
3,50000,"Cannot satisfy age criteria during the study period based on year of birth",0,"Generating denominator cohort set","6",1,NA,0,"period","years",TRUE,"start",FALSE,0,6,"30;39","Both",180,2008-01-01,2018-01-01,NA,NA
3,38027,"No observation time available during study period",11973,"Generating denominator cohort set","6",1,NA,0,"period","years",TRUE,"start",FALSE,0,6,"30;39","Both",180,2008-01-01,2018-01-01,NA,NA
3,38027,"Doesn't satisfy age criteria during the study period",0,"Generating denominator cohort set","6",1,NA,0,"period","years",TRUE,"start",FALSE,0,6,"30;39","Both",180,2008-01-01,2018-01-01,NA,NA
3,30451,"Prior history requirement not fulfilled during study period",7576,"Generating denominator cohort set","6",1,NA,0,"period","years",TRUE,"start",FALSE,0,6,"30;39","Both",180,2008-01-01,2018-01-01,NA,NA
3,4215,"No observation time available after applying age and prior history criteria",26236,"Generating denominator cohort set","6",1,NA,0,"period","years",TRUE,"start",FALSE,0,6,"30;39","Both",180,2008-01-01,2018-01-01,NA,NA
3,4215,"Starting analysis population",NA,"Estimating prevalence","6",1,NA,0,"period","years",TRUE,"start",FALSE,0,6,"30;39","Both",180,2008-01-01,2018-01-01,NA,NA
3,4215,"Not observed during the complete database interval",0,"Estimating prevalence","6",1,NA,0,"period","years",TRUE,"start",FALSE,0,6,"30;39","Both",180,2008-01-01,2018-01-01,NA,NA
3,4215,"Do not satisfy full contribution requirement for an interval",0,"Estimating prevalence","6",1,NA,0,"period","years",TRUE,"start",FALSE,0,6,"30;39","Both",180,2008-01-01,2018-01-01,NA,NA
3,50000,"Starting population",NA,"Generating denominator cohort set","7",1,NA,0,"period","years",TRUE,"start",FALSE,0,7,"40;49","Female",180,2008-01-01,2018-01-01,NA,NA
3,50000,"Missing year of birth",0,"Generating denominator cohort set","7",1,NA,0,"period","years",TRUE,"start",FALSE,0,7,"40;49","Female",180,2008-01-01,2018-01-01,NA,NA
3,50000,"Missing sex",0,"Generating denominator cohort set","7",1,NA,0,"period","years",TRUE,"start",FALSE,0,7,"40;49","Female",180,2008-01-01,2018-01-01,NA,NA
3,50000,"Cannot satisfy age criteria during the study period based on year of birth",0,"Generating denominator cohort set","7",1,NA,0,"period","years",TRUE,"start",FALSE,0,7,"40;49","Female",180,2008-01-01,2018-01-01,NA,NA
3,38027,"No observation time available during study period",11973,"Generating denominator cohort set","7",1,NA,0,"period","years",TRUE,"start",FALSE,0,7,"40;49","Female",180,2008-01-01,2018-01-01,NA,NA
3,38027,"Doesn't satisfy age criteria during the study period",0,"Generating denominator cohort set","7",1,NA,0,"period","years",TRUE,"start",FALSE,0,7,"40;49","Female",180,2008-01-01,2018-01-01,NA,NA
3,30451,"Prior history requirement not fulfilled during study period",7576,"Generating denominator cohort set","7",1,NA,0,"period","years",TRUE,"start",FALSE,0,7,"40;49","Female",180,2008-01-01,2018-01-01,NA,NA
3,15397,"Not Female",15054,"Generating denominator cohort set","7",1,NA,0,"period","years",TRUE,"start",FALSE,0,7,"40;49","Female",180,2008-01-01,2018-01-01,NA,NA
3,2110,"No observation time available after applying age and prior history criteria",13287,"Generating denominator cohort set","7",1,NA,0,"period","years",TRUE,"start",FALSE,0,7,"40;49","Female",180,2008-01-01,2018-01-01,NA,NA
3,2110,"Starting analysis population",NA,"Estimating prevalence","7",1,NA,0,"period","years",TRUE,"start",FALSE,0,7,"40;49","Female",180,2008-01-01,2018-01-01,NA,NA
3,2110,"Not observed during the complete database interval",0,"Estimating prevalence","7",1,NA,0,"period","years",TRUE,"start",FALSE,0,7,"40;49","Female",180,2008-01-01,2018-01-01,NA,NA
3,2110,"Do not satisfy full contribution requirement for an interval",0,"Estimating prevalence","7",1,NA,0,"period","years",TRUE,"start",FALSE,0,7,"40;49","Female",180,2008-01-01,2018-01-01,NA,NA
3,50000,"Starting population",NA,"Generating denominator cohort set","8",1,NA,0,"period","years",TRUE,"start",FALSE,0,8,"40;49","Male",180,2008-01-01,2018-01-01,NA,NA
3,50000,"Missing year of birth",0,"Generating denominator cohort set","8",1,NA,0,"period","years",TRUE,"start",FALSE,0,8,"40;49","Male",180,2008-01-01,2018-01-01,NA,NA
3,50000,"Missing sex",0,"Generating denominator cohort set","8",1,NA,0,"period","years",TRUE,"start",FALSE,0,8,"40;49","Male",180,2008-01-01,2018-01-01,NA,NA
3,50000,"Cannot satisfy age criteria during the study period based on year of birth",0,"Generating denominator cohort set","8",1,NA,0,"period","years",TRUE,"start",FALSE,0,8,"40;49","Male",180,2008-01-01,2018-01-01,NA,NA
3,38027,"No observation time available during study period",11973,"Generating denominator cohort set","8",1,NA,0,"period","years",TRUE,"start",FALSE,0,8,"40;49","Male",180,2008-01-01,2018-01-01,NA,NA
3,38027,"Doesn't satisfy age criteria during the study period",0,"Generating denominator cohort set","8",1,NA,0,"period","years",TRUE,"start",FALSE,0,8,"40;49","Male",180,2008-01-01,2018-01-01,NA,NA
3,30451,"Prior history requirement not fulfilled during study period",7576,"Generating denominator cohort set","8",1,NA,0,"period","years",TRUE,"start",FALSE,0,8,"40;49","Male",180,2008-01-01,2018-01-01,NA,NA
3,15054,"Not Male",15397,"Generating denominator cohort set","8",1,NA,0,"period","years",TRUE,"start",FALSE,0,8,"40;49","Male",180,2008-01-01,2018-01-01,NA,NA
3,2066,"No observation time available after applying age and prior history criteria",12988,"Generating denominator cohort set","8",1,NA,0,"period","years",TRUE,"start",FALSE,0,8,"40;49","Male",180,2008-01-01,2018-01-01,NA,NA
3,2066,"Starting analysis population",NA,"Estimating prevalence","8",1,NA,0,"period","years",TRUE,"start",FALSE,0,8,"40;49","Male",180,2008-01-01,2018-01-01,NA,NA
3,2065,"Not observed during the complete database interval",1,"Estimating prevalence","8",1,NA,0,"period","years",TRUE,"start",FALSE,0,8,"40;49","Male",180,2008-01-01,2018-01-01,NA,NA
3,2065,"Do not satisfy full contribution requirement for an interval",0,"Estimating prevalence","8",1,NA,0,"period","years",TRUE,"start",FALSE,0,8,"40;49","Male",180,2008-01-01,2018-01-01,NA,NA
3,50000,"Starting population",NA,"Generating denominator cohort set","9",1,NA,0,"period","years",TRUE,"start",FALSE,0,9,"40;49","Both",180,2008-01-01,2018-01-01,NA,NA
3,50000,"Missing year of birth",0,"Generating denominator cohort set","9",1,NA,0,"period","years",TRUE,"start",FALSE,0,9,"40;49","Both",180,2008-01-01,2018-01-01,NA,NA
3,50000,"Missing sex",0,"Generating denominator cohort set","9",1,NA,0,"period","years",TRUE,"start",FALSE,0,9,"40;49","Both",180,2008-01-01,2018-01-01,NA,NA
3,50000,"Cannot satisfy age criteria during the study period based on year of birth",0,"Generating denominator cohort set","9",1,NA,0,"period","years",TRUE,"start",FALSE,0,9,"40;49","Both",180,2008-01-01,2018-01-01,NA,NA
3,38027,"No observation time available during study period",11973,"Generating denominator cohort set","9",1,NA,0,"period","years",TRUE,"start",FALSE,0,9,"40;49","Both",180,2008-01-01,2018-01-01,NA,NA
3,38027,"Doesn't satisfy age criteria during the study period",0,"Generating denominator cohort set","9",1,NA,0,"period","years",TRUE,"start",FALSE,0,9,"40;49","Both",180,2008-01-01,2018-01-01,NA,NA
3,30451,"Prior history requirement not fulfilled during study period",7576,"Generating denominator cohort set","9",1,NA,0,"period","years",TRUE,"start",FALSE,0,9,"40;49","Both",180,2008-01-01,2018-01-01,NA,NA
3,4176,"No observation time available after applying age and prior history criteria",26275,"Generating denominator cohort set","9",1,NA,0,"period","years",TRUE,"start",FALSE,0,9,"40;49","Both",180,2008-01-01,2018-01-01,NA,NA
3,4176,"Starting analysis population",NA,"Estimating prevalence","9",1,NA,0,"period","years",TRUE,"start",FALSE,0,9,"40;49","Both",180,2008-01-01,2018-01-01,NA,NA
3,4175,"Not observed during the complete database interval",1,"Estimating prevalence","9",1,NA,0,"period","years",TRUE,"start",FALSE,0,9,"40;49","Both",180,2008-01-01,2018-01-01,NA,NA
3,4175,"Do not satisfy full contribution requirement for an interval",0,"Estimating prevalence","9",1,NA,0,"period","years",TRUE,"start",FALSE,0,9,"40;49","Both",180,2008-01-01,2018-01-01,NA,NA
