"result_id","current_n","reason","excluded","step","analysis_id","outcome_cohort_id","outcome_cohort_name","analysis_outcome_washout","analysis_repeated_events","analysis_interval","analysis_complete_database_intervals","denominator_cohort_id","analysis_min_cell_count","denominator_age_group","denominator_sex","denominator_days_prior_history","denominator_start_date","denominator_end_date","denominator_strata_cohort_definition_id","denominator_strata_cohort_name"
1,50000,"Starting population",NA,"Generating denominator cohort set","1",1,NA,180,FALSE,"years",TRUE,1,5,"20;29","Female",180,2008-01-01,2018-01-01,NA,NA
1,50000,"Missing year of birth",0,"Generating denominator cohort set","1",1,NA,180,FALSE,"years",TRUE,1,5,"20;29","Female",180,2008-01-01,2018-01-01,NA,NA
1,50000,"Missing sex",0,"Generating denominator cohort set","1",1,NA,180,FALSE,"years",TRUE,1,5,"20;29","Female",180,2008-01-01,2018-01-01,NA,NA
1,50000,"Cannot satisfy age criteria during the study period based on year of birth",0,"Generating denominator cohort set","1",1,NA,180,FALSE,"years",TRUE,1,5,"20;29","Female",180,2008-01-01,2018-01-01,NA,NA
1,38027,"No observation time available during study period",11973,"Generating denominator cohort set","1",1,NA,180,FALSE,"years",TRUE,1,5,"20;29","Female",180,2008-01-01,2018-01-01,NA,NA
1,38027,"Doesn't satisfy age criteria during the study period",0,"Generating denominator cohort set","1",1,NA,180,FALSE,"years",TRUE,1,5,"20;29","Female",180,2008-01-01,2018-01-01,NA,NA
1,30451,"Prior history requirement not fulfilled during study period",7576,"Generating denominator cohort set","1",1,NA,180,FALSE,"years",TRUE,1,5,"20;29","Female",180,2008-01-01,2018-01-01,NA,NA
1,15397,"Not Female",15054,"Generating denominator cohort set","1",1,NA,180,FALSE,"years",TRUE,1,5,"20;29","Female",180,2008-01-01,2018-01-01,NA,NA
1,2143,"No observation time available after applying age and prior history criteria",13254,"Generating denominator cohort set","1",1,NA,180,FALSE,"years",TRUE,1,5,"20;29","Female",180,2008-01-01,2018-01-01,NA,NA
1,2143,"Starting analysis population",NA,"Estimating incidence","1",1,NA,180,FALSE,"years",TRUE,1,5,"20;29","Female",180,2008-01-01,2018-01-01,NA,NA
1,1945,"Excluded due to prior event (do not pass outcome washout during study period)",198,"Estimating incidence","1",1,NA,180,FALSE,"years",TRUE,1,5,"20;29","Female",180,2008-01-01,2018-01-01,NA,NA
1,1945,"Not observed during the complete database interval",0,"Estimating incidence","1",1,NA,180,FALSE,"years",TRUE,1,5,"20;29","Female",180,2008-01-01,2018-01-01,NA,NA
1,50000,"Starting population",NA,"Generating denominator cohort set","10",1,NA,180,FALSE,"years",TRUE,10,5,"50;59","Female",180,2008-01-01,2018-01-01,NA,NA
1,50000,"Missing year of birth",0,"Generating denominator cohort set","10",1,NA,180,FALSE,"years",TRUE,10,5,"50;59","Female",180,2008-01-01,2018-01-01,NA,NA
1,50000,"Missing sex",0,"Generating denominator cohort set","10",1,NA,180,FALSE,"years",TRUE,10,5,"50;59","Female",180,2008-01-01,2018-01-01,NA,NA
1,50000,"Cannot satisfy age criteria during the study period based on year of birth",0,"Generating denominator cohort set","10",1,NA,180,FALSE,"years",TRUE,10,5,"50;59","Female",180,2008-01-01,2018-01-01,NA,NA
1,38027,"No observation time available during study period",11973,"Generating denominator cohort set","10",1,NA,180,FALSE,"years",TRUE,10,5,"50;59","Female",180,2008-01-01,2018-01-01,NA,NA
1,38027,"Doesn't satisfy age criteria during the study period",0,"Generating denominator cohort set","10",1,NA,180,FALSE,"years",TRUE,10,5,"50;59","Female",180,2008-01-01,2018-01-01,NA,NA
1,30451,"Prior history requirement not fulfilled during study period",7576,"Generating denominator cohort set","10",1,NA,180,FALSE,"years",TRUE,10,5,"50;59","Female",180,2008-01-01,2018-01-01,NA,NA
1,15397,"Not Female",15054,"Generating denominator cohort set","10",1,NA,180,FALSE,"years",TRUE,10,5,"50;59","Female",180,2008-01-01,2018-01-01,NA,NA
1,2099,"No observation time available after applying age and prior history criteria",13298,"Generating denominator cohort set","10",1,NA,180,FALSE,"years",TRUE,10,5,"50;59","Female",180,2008-01-01,2018-01-01,NA,NA
1,2099,"Starting analysis population",NA,"Estimating incidence","10",1,NA,180,FALSE,"years",TRUE,10,5,"50;59","Female",180,2008-01-01,2018-01-01,NA,NA
1,1917,"Excluded due to prior event (do not pass outcome washout during study period)",182,"Estimating incidence","10",1,NA,180,FALSE,"years",TRUE,10,5,"50;59","Female",180,2008-01-01,2018-01-01,NA,NA
1,1917,"Not observed during the complete database interval",0,"Estimating incidence","10",1,NA,180,FALSE,"years",TRUE,10,5,"50;59","Female",180,2008-01-01,2018-01-01,NA,NA
1,50000,"Starting population",NA,"Generating denominator cohort set","11",1,NA,180,FALSE,"years",TRUE,11,5,"50;59","Male",180,2008-01-01,2018-01-01,NA,NA
1,50000,"Missing year of birth",0,"Generating denominator cohort set","11",1,NA,180,FALSE,"years",TRUE,11,5,"50;59","Male",180,2008-01-01,2018-01-01,NA,NA
1,50000,"Missing sex",0,"Generating denominator cohort set","11",1,NA,180,FALSE,"years",TRUE,11,5,"50;59","Male",180,2008-01-01,2018-01-01,NA,NA
1,50000,"Cannot satisfy age criteria during the study period based on year of birth",0,"Generating denominator cohort set","11",1,NA,180,FALSE,"years",TRUE,11,5,"50;59","Male",180,2008-01-01,2018-01-01,NA,NA
1,38027,"No observation time available during study period",11973,"Generating denominator cohort set","11",1,NA,180,FALSE,"years",TRUE,11,5,"50;59","Male",180,2008-01-01,2018-01-01,NA,NA
1,38027,"Doesn't satisfy age criteria during the study period",0,"Generating denominator cohort set","11",1,NA,180,FALSE,"years",TRUE,11,5,"50;59","Male",180,2008-01-01,2018-01-01,NA,NA
1,30451,"Prior history requirement not fulfilled during study period",7576,"Generating denominator cohort set","11",1,NA,180,FALSE,"years",TRUE,11,5,"50;59","Male",180,2008-01-01,2018-01-01,NA,NA
1,15054,"Not Male",15397,"Generating denominator cohort set","11",1,NA,180,FALSE,"years",TRUE,11,5,"50;59","Male",180,2008-01-01,2018-01-01,NA,NA
1,2071,"No observation time available after applying age and prior history criteria",12983,"Generating denominator cohort set","11",1,NA,180,FALSE,"years",TRUE,11,5,"50;59","Male",180,2008-01-01,2018-01-01,NA,NA
1,2071,"Starting analysis population",NA,"Estimating incidence","11",1,NA,180,FALSE,"years",TRUE,11,5,"50;59","Male",180,2008-01-01,2018-01-01,NA,NA
1,1855,"Excluded due to prior event (do not pass outcome washout during study period)",216,"Estimating incidence","11",1,NA,180,FALSE,"years",TRUE,11,5,"50;59","Male",180,2008-01-01,2018-01-01,NA,NA
1,1854,"Not observed during the complete database interval",1,"Estimating incidence","11",1,NA,180,FALSE,"years",TRUE,11,5,"50;59","Male",180,2008-01-01,2018-01-01,NA,NA
1,50000,"Starting population",NA,"Generating denominator cohort set","12",1,NA,180,FALSE,"years",TRUE,12,5,"50;59","Both",180,2008-01-01,2018-01-01,NA,NA
1,50000,"Missing year of birth",0,"Generating denominator cohort set","12",1,NA,180,FALSE,"years",TRUE,12,5,"50;59","Both",180,2008-01-01,2018-01-01,NA,NA
1,50000,"Missing sex",0,"Generating denominator cohort set","12",1,NA,180,FALSE,"years",TRUE,12,5,"50;59","Both",180,2008-01-01,2018-01-01,NA,NA
1,50000,"Cannot satisfy age criteria during the study period based on year of birth",0,"Generating denominator cohort set","12",1,NA,180,FALSE,"years",TRUE,12,5,"50;59","Both",180,2008-01-01,2018-01-01,NA,NA
1,38027,"No observation time available during study period",11973,"Generating denominator cohort set","12",1,NA,180,FALSE,"years",TRUE,12,5,"50;59","Both",180,2008-01-01,2018-01-01,NA,NA
1,38027,"Doesn't satisfy age criteria during the study period",0,"Generating denominator cohort set","12",1,NA,180,FALSE,"years",TRUE,12,5,"50;59","Both",180,2008-01-01,2018-01-01,NA,NA
1,30451,"Prior history requirement not fulfilled during study period",7576,"Generating denominator cohort set","12",1,NA,180,FALSE,"years",TRUE,12,5,"50;59","Both",180,2008-01-01,2018-01-01,NA,NA
1,4170,"No observation time available after applying age and prior history criteria",26281,"Generating denominator cohort set","12",1,NA,180,FALSE,"years",TRUE,12,5,"50;59","Both",180,2008-01-01,2018-01-01,NA,NA
1,4170,"Starting analysis population",NA,"Estimating incidence","12",1,NA,180,FALSE,"years",TRUE,12,5,"50;59","Both",180,2008-01-01,2018-01-01,NA,NA
1,3772,"Excluded due to prior event (do not pass outcome washout during study period)",398,"Estimating incidence","12",1,NA,180,FALSE,"years",TRUE,12,5,"50;59","Both",180,2008-01-01,2018-01-01,NA,NA
1,3771,"Not observed during the complete database interval",1,"Estimating incidence","12",1,NA,180,FALSE,"years",TRUE,12,5,"50;59","Both",180,2008-01-01,2018-01-01,NA,NA
1,50000,"Starting population",NA,"Generating denominator cohort set","13",1,NA,180,FALSE,"years",TRUE,13,5,"60;69","Female",180,2008-01-01,2018-01-01,NA,NA
1,50000,"Missing year of birth",0,"Generating denominator cohort set","13",1,NA,180,FALSE,"years",TRUE,13,5,"60;69","Female",180,2008-01-01,2018-01-01,NA,NA
1,50000,"Missing sex",0,"Generating denominator cohort set","13",1,NA,180,FALSE,"years",TRUE,13,5,"60;69","Female",180,2008-01-01,2018-01-01,NA,NA
1,50000,"Cannot satisfy age criteria during the study period based on year of birth",0,"Generating denominator cohort set","13",1,NA,180,FALSE,"years",TRUE,13,5,"60;69","Female",180,2008-01-01,2018-01-01,NA,NA
1,38027,"No observation time available during study period",11973,"Generating denominator cohort set","13",1,NA,180,FALSE,"years",TRUE,13,5,"60;69","Female",180,2008-01-01,2018-01-01,NA,NA
1,38027,"Doesn't satisfy age criteria during the study period",0,"Generating denominator cohort set","13",1,NA,180,FALSE,"years",TRUE,13,5,"60;69","Female",180,2008-01-01,2018-01-01,NA,NA
1,30451,"Prior history requirement not fulfilled during study period",7576,"Generating denominator cohort set","13",1,NA,180,FALSE,"years",TRUE,13,5,"60;69","Female",180,2008-01-01,2018-01-01,NA,NA
1,15397,"Not Female",15054,"Generating denominator cohort set","13",1,NA,180,FALSE,"years",TRUE,13,5,"60;69","Female",180,2008-01-01,2018-01-01,NA,NA
1,2086,"No observation time available after applying age and prior history criteria",13311,"Generating denominator cohort set","13",1,NA,180,FALSE,"years",TRUE,13,5,"60;69","Female",180,2008-01-01,2018-01-01,NA,NA
1,2086,"Starting analysis population",NA,"Estimating incidence","13",1,NA,180,FALSE,"years",TRUE,13,5,"60;69","Female",180,2008-01-01,2018-01-01,NA,NA
1,1886,"Excluded due to prior event (do not pass outcome washout during study period)",200,"Estimating incidence","13",1,NA,180,FALSE,"years",TRUE,13,5,"60;69","Female",180,2008-01-01,2018-01-01,NA,NA
1,1886,"Not observed during the complete database interval",0,"Estimating incidence","13",1,NA,180,FALSE,"years",TRUE,13,5,"60;69","Female",180,2008-01-01,2018-01-01,NA,NA
1,50000,"Starting population",NA,"Generating denominator cohort set","14",1,NA,180,FALSE,"years",TRUE,14,5,"60;69","Male",180,2008-01-01,2018-01-01,NA,NA
1,50000,"Missing year of birth",0,"Generating denominator cohort set","14",1,NA,180,FALSE,"years",TRUE,14,5,"60;69","Male",180,2008-01-01,2018-01-01,NA,NA
1,50000,"Missing sex",0,"Generating denominator cohort set","14",1,NA,180,FALSE,"years",TRUE,14,5,"60;69","Male",180,2008-01-01,2018-01-01,NA,NA
1,50000,"Cannot satisfy age criteria during the study period based on year of birth",0,"Generating denominator cohort set","14",1,NA,180,FALSE,"years",TRUE,14,5,"60;69","Male",180,2008-01-01,2018-01-01,NA,NA
1,38027,"No observation time available during study period",11973,"Generating denominator cohort set","14",1,NA,180,FALSE,"years",TRUE,14,5,"60;69","Male",180,2008-01-01,2018-01-01,NA,NA
1,38027,"Doesn't satisfy age criteria during the study period",0,"Generating denominator cohort set","14",1,NA,180,FALSE,"years",TRUE,14,5,"60;69","Male",180,2008-01-01,2018-01-01,NA,NA
1,30451,"Prior history requirement not fulfilled during study period",7576,"Generating denominator cohort set","14",1,NA,180,FALSE,"years",TRUE,14,5,"60;69","Male",180,2008-01-01,2018-01-01,NA,NA
1,15054,"Not Male",15397,"Generating denominator cohort set","14",1,NA,180,FALSE,"years",TRUE,14,5,"60;69","Male",180,2008-01-01,2018-01-01,NA,NA
1,2117,"No observation time available after applying age and prior history criteria",12937,"Generating denominator cohort set","14",1,NA,180,FALSE,"years",TRUE,14,5,"60;69","Male",180,2008-01-01,2018-01-01,NA,NA
1,2117,"Starting analysis population",NA,"Estimating incidence","14",1,NA,180,FALSE,"years",TRUE,14,5,"60;69","Male",180,2008-01-01,2018-01-01,NA,NA
1,1917,"Excluded due to prior event (do not pass outcome washout during study period)",200,"Estimating incidence","14",1,NA,180,FALSE,"years",TRUE,14,5,"60;69","Male",180,2008-01-01,2018-01-01,NA,NA
1,1917,"Not observed during the complete database interval",0,"Estimating incidence","14",1,NA,180,FALSE,"years",TRUE,14,5,"60;69","Male",180,2008-01-01,2018-01-01,NA,NA
1,50000,"Starting population",NA,"Generating denominator cohort set","15",1,NA,180,FALSE,"years",TRUE,15,5,"60;69","Both",180,2008-01-01,2018-01-01,NA,NA
1,50000,"Missing year of birth",0,"Generating denominator cohort set","15",1,NA,180,FALSE,"years",TRUE,15,5,"60;69","Both",180,2008-01-01,2018-01-01,NA,NA
1,50000,"Missing sex",0,"Generating denominator cohort set","15",1,NA,180,FALSE,"years",TRUE,15,5,"60;69","Both",180,2008-01-01,2018-01-01,NA,NA
1,50000,"Cannot satisfy age criteria during the study period based on year of birth",0,"Generating denominator cohort set","15",1,NA,180,FALSE,"years",TRUE,15,5,"60;69","Both",180,2008-01-01,2018-01-01,NA,NA
1,38027,"No observation time available during study period",11973,"Generating denominator cohort set","15",1,NA,180,FALSE,"years",TRUE,15,5,"60;69","Both",180,2008-01-01,2018-01-01,NA,NA
1,38027,"Doesn't satisfy age criteria during the study period",0,"Generating denominator cohort set","15",1,NA,180,FALSE,"years",TRUE,15,5,"60;69","Both",180,2008-01-01,2018-01-01,NA,NA
1,30451,"Prior history requirement not fulfilled during study period",7576,"Generating denominator cohort set","15",1,NA,180,FALSE,"years",TRUE,15,5,"60;69","Both",180,2008-01-01,2018-01-01,NA,NA
1,4203,"No observation time available after applying age and prior history criteria",26248,"Generating denominator cohort set","15",1,NA,180,FALSE,"years",TRUE,15,5,"60;69","Both",180,2008-01-01,2018-01-01,NA,NA
1,4203,"Starting analysis population",NA,"Estimating incidence","15",1,NA,180,FALSE,"years",TRUE,15,5,"60;69","Both",180,2008-01-01,2018-01-01,NA,NA
1,3803,"Excluded due to prior event (do not pass outcome washout during study period)",400,"Estimating incidence","15",1,NA,180,FALSE,"years",TRUE,15,5,"60;69","Both",180,2008-01-01,2018-01-01,NA,NA
1,3803,"Not observed during the complete database interval",0,"Estimating incidence","15",1,NA,180,FALSE,"years",TRUE,15,5,"60;69","Both",180,2008-01-01,2018-01-01,NA,NA
1,50000,"Starting population",NA,"Generating denominator cohort set","16",1,NA,180,FALSE,"years",TRUE,16,5,"0;99","Female",180,2008-01-01,2018-01-01,NA,NA
1,50000,"Missing year of birth",0,"Generating denominator cohort set","16",1,NA,180,FALSE,"years",TRUE,16,5,"0;99","Female",180,2008-01-01,2018-01-01,NA,NA
1,50000,"Missing sex",0,"Generating denominator cohort set","16",1,NA,180,FALSE,"years",TRUE,16,5,"0;99","Female",180,2008-01-01,2018-01-01,NA,NA
1,50000,"Cannot satisfy age criteria during the study period based on year of birth",0,"Generating denominator cohort set","16",1,NA,180,FALSE,"years",TRUE,16,5,"0;99","Female",180,2008-01-01,2018-01-01,NA,NA
1,38027,"No observation time available during study period",11973,"Generating denominator cohort set","16",1,NA,180,FALSE,"years",TRUE,16,5,"0;99","Female",180,2008-01-01,2018-01-01,NA,NA
1,38027,"Doesn't satisfy age criteria during the study period",0,"Generating denominator cohort set","16",1,NA,180,FALSE,"years",TRUE,16,5,"0;99","Female",180,2008-01-01,2018-01-01,NA,NA
1,30451,"Prior history requirement not fulfilled during study period",7576,"Generating denominator cohort set","16",1,NA,180,FALSE,"years",TRUE,16,5,"0;99","Female",180,2008-01-01,2018-01-01,NA,NA
1,15397,"Not Female",15054,"Generating denominator cohort set","16",1,NA,180,FALSE,"years",TRUE,16,5,"0;99","Female",180,2008-01-01,2018-01-01,NA,NA
1,15397,"No observation time available after applying age and prior history criteria",0,"Generating denominator cohort set","16",1,NA,180,FALSE,"years",TRUE,16,5,"0;99","Female",180,2008-01-01,2018-01-01,NA,NA
1,15397,"Starting analysis population",NA,"Estimating incidence","16",1,NA,180,FALSE,"years",TRUE,16,5,"0;99","Female",180,2008-01-01,2018-01-01,NA,NA
1,14016,"Excluded due to prior event (do not pass outcome washout during study period)",1381,"Estimating incidence","16",1,NA,180,FALSE,"years",TRUE,16,5,"0;99","Female",180,2008-01-01,2018-01-01,NA,NA
1,14014,"Not observed during the complete database interval",2,"Estimating incidence","16",1,NA,180,FALSE,"years",TRUE,16,5,"0;99","Female",180,2008-01-01,2018-01-01,NA,NA
1,50000,"Starting population",NA,"Generating denominator cohort set","17",1,NA,180,FALSE,"years",TRUE,17,5,"0;99","Male",180,2008-01-01,2018-01-01,NA,NA
1,50000,"Missing year of birth",0,"Generating denominator cohort set","17",1,NA,180,FALSE,"years",TRUE,17,5,"0;99","Male",180,2008-01-01,2018-01-01,NA,NA
1,50000,"Missing sex",0,"Generating denominator cohort set","17",1,NA,180,FALSE,"years",TRUE,17,5,"0;99","Male",180,2008-01-01,2018-01-01,NA,NA
1,50000,"Cannot satisfy age criteria during the study period based on year of birth",0,"Generating denominator cohort set","17",1,NA,180,FALSE,"years",TRUE,17,5,"0;99","Male",180,2008-01-01,2018-01-01,NA,NA
1,38027,"No observation time available during study period",11973,"Generating denominator cohort set","17",1,NA,180,FALSE,"years",TRUE,17,5,"0;99","Male",180,2008-01-01,2018-01-01,NA,NA
1,38027,"Doesn't satisfy age criteria during the study period",0,"Generating denominator cohort set","17",1,NA,180,FALSE,"years",TRUE,17,5,"0;99","Male",180,2008-01-01,2018-01-01,NA,NA
1,30451,"Prior history requirement not fulfilled during study period",7576,"Generating denominator cohort set","17",1,NA,180,FALSE,"years",TRUE,17,5,"0;99","Male",180,2008-01-01,2018-01-01,NA,NA
1,15054,"Not Male",15397,"Generating denominator cohort set","17",1,NA,180,FALSE,"years",TRUE,17,5,"0;99","Male",180,2008-01-01,2018-01-01,NA,NA
1,15054,"No observation time available after applying age and prior history criteria",0,"Generating denominator cohort set","17",1,NA,180,FALSE,"years",TRUE,17,5,"0;99","Male",180,2008-01-01,2018-01-01,NA,NA
1,15054,"Starting analysis population",NA,"Estimating incidence","17",1,NA,180,FALSE,"years",TRUE,17,5,"0;99","Male",180,2008-01-01,2018-01-01,NA,NA
1,13675,"Excluded due to prior event (do not pass outcome washout during study period)",1379,"Estimating incidence","17",1,NA,180,FALSE,"years",TRUE,17,5,"0;99","Male",180,2008-01-01,2018-01-01,NA,NA
1,13671,"Not observed during the complete database interval",4,"Estimating incidence","17",1,NA,180,FALSE,"years",TRUE,17,5,"0;99","Male",180,2008-01-01,2018-01-01,NA,NA
1,50000,"Starting population",NA,"Generating denominator cohort set","18",1,NA,180,FALSE,"years",TRUE,18,5,"0;99","Both",180,2008-01-01,2018-01-01,NA,NA
1,50000,"Missing year of birth",0,"Generating denominator cohort set","18",1,NA,180,FALSE,"years",TRUE,18,5,"0;99","Both",180,2008-01-01,2018-01-01,NA,NA
1,50000,"Missing sex",0,"Generating denominator cohort set","18",1,NA,180,FALSE,"years",TRUE,18,5,"0;99","Both",180,2008-01-01,2018-01-01,NA,NA
1,50000,"Cannot satisfy age criteria during the study period based on year of birth",0,"Generating denominator cohort set","18",1,NA,180,FALSE,"years",TRUE,18,5,"0;99","Both",180,2008-01-01,2018-01-01,NA,NA
1,38027,"No observation time available during study period",11973,"Generating denominator cohort set","18",1,NA,180,FALSE,"years",TRUE,18,5,"0;99","Both",180,2008-01-01,2018-01-01,NA,NA
1,38027,"Doesn't satisfy age criteria during the study period",0,"Generating denominator cohort set","18",1,NA,180,FALSE,"years",TRUE,18,5,"0;99","Both",180,2008-01-01,2018-01-01,NA,NA
1,30451,"Prior history requirement not fulfilled during study period",7576,"Generating denominator cohort set","18",1,NA,180,FALSE,"years",TRUE,18,5,"0;99","Both",180,2008-01-01,2018-01-01,NA,NA
1,30451,"No observation time available after applying age and prior history criteria",0,"Generating denominator cohort set","18",1,NA,180,FALSE,"years",TRUE,18,5,"0;99","Both",180,2008-01-01,2018-01-01,NA,NA
1,30451,"Starting analysis population",NA,"Estimating incidence","18",1,NA,180,FALSE,"years",TRUE,18,5,"0;99","Both",180,2008-01-01,2018-01-01,NA,NA
1,27691,"Excluded due to prior event (do not pass outcome washout during study period)",2760,"Estimating incidence","18",1,NA,180,FALSE,"years",TRUE,18,5,"0;99","Both",180,2008-01-01,2018-01-01,NA,NA
1,27685,"Not observed during the complete database interval",6,"Estimating incidence","18",1,NA,180,FALSE,"years",TRUE,18,5,"0;99","Both",180,2008-01-01,2018-01-01,NA,NA
1,50000,"Starting population",NA,"Generating denominator cohort set","2",1,NA,180,FALSE,"years",TRUE,2,5,"20;29","Male",180,2008-01-01,2018-01-01,NA,NA
1,50000,"Missing year of birth",0,"Generating denominator cohort set","2",1,NA,180,FALSE,"years",TRUE,2,5,"20;29","Male",180,2008-01-01,2018-01-01,NA,NA
1,50000,"Missing sex",0,"Generating denominator cohort set","2",1,NA,180,FALSE,"years",TRUE,2,5,"20;29","Male",180,2008-01-01,2018-01-01,NA,NA
1,50000,"Cannot satisfy age criteria during the study period based on year of birth",0,"Generating denominator cohort set","2",1,NA,180,FALSE,"years",TRUE,2,5,"20;29","Male",180,2008-01-01,2018-01-01,NA,NA
1,38027,"No observation time available during study period",11973,"Generating denominator cohort set","2",1,NA,180,FALSE,"years",TRUE,2,5,"20;29","Male",180,2008-01-01,2018-01-01,NA,NA
1,38027,"Doesn't satisfy age criteria during the study period",0,"Generating denominator cohort set","2",1,NA,180,FALSE,"years",TRUE,2,5,"20;29","Male",180,2008-01-01,2018-01-01,NA,NA
1,30451,"Prior history requirement not fulfilled during study period",7576,"Generating denominator cohort set","2",1,NA,180,FALSE,"years",TRUE,2,5,"20;29","Male",180,2008-01-01,2018-01-01,NA,NA
1,15054,"Not Male",15397,"Generating denominator cohort set","2",1,NA,180,FALSE,"years",TRUE,2,5,"20;29","Male",180,2008-01-01,2018-01-01,NA,NA
1,2054,"No observation time available after applying age and prior history criteria",13000,"Generating denominator cohort set","2",1,NA,180,FALSE,"years",TRUE,2,5,"20;29","Male",180,2008-01-01,2018-01-01,NA,NA
1,2054,"Starting analysis population",NA,"Estimating incidence","2",1,NA,180,FALSE,"years",TRUE,2,5,"20;29","Male",180,2008-01-01,2018-01-01,NA,NA
1,1864,"Excluded due to prior event (do not pass outcome washout during study period)",190,"Estimating incidence","2",1,NA,180,FALSE,"years",TRUE,2,5,"20;29","Male",180,2008-01-01,2018-01-01,NA,NA
1,1863,"Not observed during the complete database interval",1,"Estimating incidence","2",1,NA,180,FALSE,"years",TRUE,2,5,"20;29","Male",180,2008-01-01,2018-01-01,NA,NA
1,50000,"Starting population",NA,"Generating denominator cohort set","3",1,NA,180,FALSE,"years",TRUE,3,5,"20;29","Both",180,2008-01-01,2018-01-01,NA,NA
1,50000,"Missing year of birth",0,"Generating denominator cohort set","3",1,NA,180,FALSE,"years",TRUE,3,5,"20;29","Both",180,2008-01-01,2018-01-01,NA,NA
1,50000,"Missing sex",0,"Generating denominator cohort set","3",1,NA,180,FALSE,"years",TRUE,3,5,"20;29","Both",180,2008-01-01,2018-01-01,NA,NA
1,50000,"Cannot satisfy age criteria during the study period based on year of birth",0,"Generating denominator cohort set","3",1,NA,180,FALSE,"years",TRUE,3,5,"20;29","Both",180,2008-01-01,2018-01-01,NA,NA
1,38027,"No observation time available during study period",11973,"Generating denominator cohort set","3",1,NA,180,FALSE,"years",TRUE,3,5,"20;29","Both",180,2008-01-01,2018-01-01,NA,NA
1,38027,"Doesn't satisfy age criteria during the study period",0,"Generating denominator cohort set","3",1,NA,180,FALSE,"years",TRUE,3,5,"20;29","Both",180,2008-01-01,2018-01-01,NA,NA
1,30451,"Prior history requirement not fulfilled during study period",7576,"Generating denominator cohort set","3",1,NA,180,FALSE,"years",TRUE,3,5,"20;29","Both",180,2008-01-01,2018-01-01,NA,NA
1,4197,"No observation time available after applying age and prior history criteria",26254,"Generating denominator cohort set","3",1,NA,180,FALSE,"years",TRUE,3,5,"20;29","Both",180,2008-01-01,2018-01-01,NA,NA
1,4197,"Starting analysis population",NA,"Estimating incidence","3",1,NA,180,FALSE,"years",TRUE,3,5,"20;29","Both",180,2008-01-01,2018-01-01,NA,NA
1,3809,"Excluded due to prior event (do not pass outcome washout during study period)",388,"Estimating incidence","3",1,NA,180,FALSE,"years",TRUE,3,5,"20;29","Both",180,2008-01-01,2018-01-01,NA,NA
1,3808,"Not observed during the complete database interval",1,"Estimating incidence","3",1,NA,180,FALSE,"years",TRUE,3,5,"20;29","Both",180,2008-01-01,2018-01-01,NA,NA
1,50000,"Starting population",NA,"Generating denominator cohort set","4",1,NA,180,FALSE,"years",TRUE,4,5,"30;39","Female",180,2008-01-01,2018-01-01,NA,NA
1,50000,"Missing year of birth",0,"Generating denominator cohort set","4",1,NA,180,FALSE,"years",TRUE,4,5,"30;39","Female",180,2008-01-01,2018-01-01,NA,NA
1,50000,"Missing sex",0,"Generating denominator cohort set","4",1,NA,180,FALSE,"years",TRUE,4,5,"30;39","Female",180,2008-01-01,2018-01-01,NA,NA
1,50000,"Cannot satisfy age criteria during the study period based on year of birth",0,"Generating denominator cohort set","4",1,NA,180,FALSE,"years",TRUE,4,5,"30;39","Female",180,2008-01-01,2018-01-01,NA,NA
1,38027,"No observation time available during study period",11973,"Generating denominator cohort set","4",1,NA,180,FALSE,"years",TRUE,4,5,"30;39","Female",180,2008-01-01,2018-01-01,NA,NA
1,38027,"Doesn't satisfy age criteria during the study period",0,"Generating denominator cohort set","4",1,NA,180,FALSE,"years",TRUE,4,5,"30;39","Female",180,2008-01-01,2018-01-01,NA,NA
1,30451,"Prior history requirement not fulfilled during study period",7576,"Generating denominator cohort set","4",1,NA,180,FALSE,"years",TRUE,4,5,"30;39","Female",180,2008-01-01,2018-01-01,NA,NA
1,15397,"Not Female",15054,"Generating denominator cohort set","4",1,NA,180,FALSE,"years",TRUE,4,5,"30;39","Female",180,2008-01-01,2018-01-01,NA,NA
1,2150,"No observation time available after applying age and prior history criteria",13247,"Generating denominator cohort set","4",1,NA,180,FALSE,"years",TRUE,4,5,"30;39","Female",180,2008-01-01,2018-01-01,NA,NA
1,2150,"Starting analysis population",NA,"Estimating incidence","4",1,NA,180,FALSE,"years",TRUE,4,5,"30;39","Female",180,2008-01-01,2018-01-01,NA,NA
1,1951,"Excluded due to prior event (do not pass outcome washout during study period)",199,"Estimating incidence","4",1,NA,180,FALSE,"years",TRUE,4,5,"30;39","Female",180,2008-01-01,2018-01-01,NA,NA
1,1951,"Not observed during the complete database interval",0,"Estimating incidence","4",1,NA,180,FALSE,"years",TRUE,4,5,"30;39","Female",180,2008-01-01,2018-01-01,NA,NA
1,50000,"Starting population",NA,"Generating denominator cohort set","5",1,NA,180,FALSE,"years",TRUE,5,5,"30;39","Male",180,2008-01-01,2018-01-01,NA,NA
1,50000,"Missing year of birth",0,"Generating denominator cohort set","5",1,NA,180,FALSE,"years",TRUE,5,5,"30;39","Male",180,2008-01-01,2018-01-01,NA,NA
1,50000,"Missing sex",0,"Generating denominator cohort set","5",1,NA,180,FALSE,"years",TRUE,5,5,"30;39","Male",180,2008-01-01,2018-01-01,NA,NA
1,50000,"Cannot satisfy age criteria during the study period based on year of birth",0,"Generating denominator cohort set","5",1,NA,180,FALSE,"years",TRUE,5,5,"30;39","Male",180,2008-01-01,2018-01-01,NA,NA
1,38027,"No observation time available during study period",11973,"Generating denominator cohort set","5",1,NA,180,FALSE,"years",TRUE,5,5,"30;39","Male",180,2008-01-01,2018-01-01,NA,NA
1,38027,"Doesn't satisfy age criteria during the study period",0,"Generating denominator cohort set","5",1,NA,180,FALSE,"years",TRUE,5,5,"30;39","Male",180,2008-01-01,2018-01-01,NA,NA
1,30451,"Prior history requirement not fulfilled during study period",7576,"Generating denominator cohort set","5",1,NA,180,FALSE,"years",TRUE,5,5,"30;39","Male",180,2008-01-01,2018-01-01,NA,NA
1,15054,"Not Male",15397,"Generating denominator cohort set","5",1,NA,180,FALSE,"years",TRUE,5,5,"30;39","Male",180,2008-01-01,2018-01-01,NA,NA
1,2065,"No observation time available after applying age and prior history criteria",12989,"Generating denominator cohort set","5",1,NA,180,FALSE,"years",TRUE,5,5,"30;39","Male",180,2008-01-01,2018-01-01,NA,NA
1,2065,"Starting analysis population",NA,"Estimating incidence","5",1,NA,180,FALSE,"years",TRUE,5,5,"30;39","Male",180,2008-01-01,2018-01-01,NA,NA
1,1833,"Excluded due to prior event (do not pass outcome washout during study period)",232,"Estimating incidence","5",1,NA,180,FALSE,"years",TRUE,5,5,"30;39","Male",180,2008-01-01,2018-01-01,NA,NA
1,1833,"Not observed during the complete database interval",0,"Estimating incidence","5",1,NA,180,FALSE,"years",TRUE,5,5,"30;39","Male",180,2008-01-01,2018-01-01,NA,NA
1,50000,"Starting population",NA,"Generating denominator cohort set","6",1,NA,180,FALSE,"years",TRUE,6,5,"30;39","Both",180,2008-01-01,2018-01-01,NA,NA
1,50000,"Missing year of birth",0,"Generating denominator cohort set","6",1,NA,180,FALSE,"years",TRUE,6,5,"30;39","Both",180,2008-01-01,2018-01-01,NA,NA
1,50000,"Missing sex",0,"Generating denominator cohort set","6",1,NA,180,FALSE,"years",TRUE,6,5,"30;39","Both",180,2008-01-01,2018-01-01,NA,NA
1,50000,"Cannot satisfy age criteria during the study period based on year of birth",0,"Generating denominator cohort set","6",1,NA,180,FALSE,"years",TRUE,6,5,"30;39","Both",180,2008-01-01,2018-01-01,NA,NA
1,38027,"No observation time available during study period",11973,"Generating denominator cohort set","6",1,NA,180,FALSE,"years",TRUE,6,5,"30;39","Both",180,2008-01-01,2018-01-01,NA,NA
1,38027,"Doesn't satisfy age criteria during the study period",0,"Generating denominator cohort set","6",1,NA,180,FALSE,"years",TRUE,6,5,"30;39","Both",180,2008-01-01,2018-01-01,NA,NA
1,30451,"Prior history requirement not fulfilled during study period",7576,"Generating denominator cohort set","6",1,NA,180,FALSE,"years",TRUE,6,5,"30;39","Both",180,2008-01-01,2018-01-01,NA,NA
1,4215,"No observation time available after applying age and prior history criteria",26236,"Generating denominator cohort set","6",1,NA,180,FALSE,"years",TRUE,6,5,"30;39","Both",180,2008-01-01,2018-01-01,NA,NA
1,4215,"Starting analysis population",NA,"Estimating incidence","6",1,NA,180,FALSE,"years",TRUE,6,5,"30;39","Both",180,2008-01-01,2018-01-01,NA,NA
1,3784,"Excluded due to prior event (do not pass outcome washout during study period)",431,"Estimating incidence","6",1,NA,180,FALSE,"years",TRUE,6,5,"30;39","Both",180,2008-01-01,2018-01-01,NA,NA
1,3784,"Not observed during the complete database interval",0,"Estimating incidence","6",1,NA,180,FALSE,"years",TRUE,6,5,"30;39","Both",180,2008-01-01,2018-01-01,NA,NA
1,50000,"Starting population",NA,"Generating denominator cohort set","7",1,NA,180,FALSE,"years",TRUE,7,5,"40;49","Female",180,2008-01-01,2018-01-01,NA,NA
1,50000,"Missing year of birth",0,"Generating denominator cohort set","7",1,NA,180,FALSE,"years",TRUE,7,5,"40;49","Female",180,2008-01-01,2018-01-01,NA,NA
1,50000,"Missing sex",0,"Generating denominator cohort set","7",1,NA,180,FALSE,"years",TRUE,7,5,"40;49","Female",180,2008-01-01,2018-01-01,NA,NA
1,50000,"Cannot satisfy age criteria during the study period based on year of birth",0,"Generating denominator cohort set","7",1,NA,180,FALSE,"years",TRUE,7,5,"40;49","Female",180,2008-01-01,2018-01-01,NA,NA
1,38027,"No observation time available during study period",11973,"Generating denominator cohort set","7",1,NA,180,FALSE,"years",TRUE,7,5,"40;49","Female",180,2008-01-01,2018-01-01,NA,NA
1,38027,"Doesn't satisfy age criteria during the study period",0,"Generating denominator cohort set","7",1,NA,180,FALSE,"years",TRUE,7,5,"40;49","Female",180,2008-01-01,2018-01-01,NA,NA
1,30451,"Prior history requirement not fulfilled during study period",7576,"Generating denominator cohort set","7",1,NA,180,FALSE,"years",TRUE,7,5,"40;49","Female",180,2008-01-01,2018-01-01,NA,NA
1,15397,"Not Female",15054,"Generating denominator cohort set","7",1,NA,180,FALSE,"years",TRUE,7,5,"40;49","Female",180,2008-01-01,2018-01-01,NA,NA
1,2110,"No observation time available after applying age and prior history criteria",13287,"Generating denominator cohort set","7",1,NA,180,FALSE,"years",TRUE,7,5,"40;49","Female",180,2008-01-01,2018-01-01,NA,NA
1,2110,"Starting analysis population",NA,"Estimating incidence","7",1,NA,180,FALSE,"years",TRUE,7,5,"40;49","Female",180,2008-01-01,2018-01-01,NA,NA
1,1891,"Excluded due to prior event (do not pass outcome washout during study period)",219,"Estimating incidence","7",1,NA,180,FALSE,"years",TRUE,7,5,"40;49","Female",180,2008-01-01,2018-01-01,NA,NA
1,1891,"Not observed during the complete database interval",0,"Estimating incidence","7",1,NA,180,FALSE,"years",TRUE,7,5,"40;49","Female",180,2008-01-01,2018-01-01,NA,NA
1,50000,"Starting population",NA,"Generating denominator cohort set","8",1,NA,180,FALSE,"years",TRUE,8,5,"40;49","Male",180,2008-01-01,2018-01-01,NA,NA
1,50000,"Missing year of birth",0,"Generating denominator cohort set","8",1,NA,180,FALSE,"years",TRUE,8,5,"40;49","Male",180,2008-01-01,2018-01-01,NA,NA
1,50000,"Missing sex",0,"Generating denominator cohort set","8",1,NA,180,FALSE,"years",TRUE,8,5,"40;49","Male",180,2008-01-01,2018-01-01,NA,NA
1,50000,"Cannot satisfy age criteria during the study period based on year of birth",0,"Generating denominator cohort set","8",1,NA,180,FALSE,"years",TRUE,8,5,"40;49","Male",180,2008-01-01,2018-01-01,NA,NA
1,38027,"No observation time available during study period",11973,"Generating denominator cohort set","8",1,NA,180,FALSE,"years",TRUE,8,5,"40;49","Male",180,2008-01-01,2018-01-01,NA,NA
1,38027,"Doesn't satisfy age criteria during the study period",0,"Generating denominator cohort set","8",1,NA,180,FALSE,"years",TRUE,8,5,"40;49","Male",180,2008-01-01,2018-01-01,NA,NA
1,30451,"Prior history requirement not fulfilled during study period",7576,"Generating denominator cohort set","8",1,NA,180,FALSE,"years",TRUE,8,5,"40;49","Male",180,2008-01-01,2018-01-01,NA,NA
1,15054,"Not Male",15397,"Generating denominator cohort set","8",1,NA,180,FALSE,"years",TRUE,8,5,"40;49","Male",180,2008-01-01,2018-01-01,NA,NA
1,2066,"No observation time available after applying age and prior history criteria",12988,"Generating denominator cohort set","8",1,NA,180,FALSE,"years",TRUE,8,5,"40;49","Male",180,2008-01-01,2018-01-01,NA,NA
1,2066,"Starting analysis population",NA,"Estimating incidence","8",1,NA,180,FALSE,"years",TRUE,8,5,"40;49","Male",180,2008-01-01,2018-01-01,NA,NA
1,1869,"Excluded due to prior event (do not pass outcome washout during study period)",197,"Estimating incidence","8",1,NA,180,FALSE,"years",TRUE,8,5,"40;49","Male",180,2008-01-01,2018-01-01,NA,NA
1,1868,"Not observed during the complete database interval",1,"Estimating incidence","8",1,NA,180,FALSE,"years",TRUE,8,5,"40;49","Male",180,2008-01-01,2018-01-01,NA,NA
1,50000,"Starting population",NA,"Generating denominator cohort set","9",1,NA,180,FALSE,"years",TRUE,9,5,"40;49","Both",180,2008-01-01,2018-01-01,NA,NA
1,50000,"Missing year of birth",0,"Generating denominator cohort set","9",1,NA,180,FALSE,"years",TRUE,9,5,"40;49","Both",180,2008-01-01,2018-01-01,NA,NA
1,50000,"Missing sex",0,"Generating denominator cohort set","9",1,NA,180,FALSE,"years",TRUE,9,5,"40;49","Both",180,2008-01-01,2018-01-01,NA,NA
1,50000,"Cannot satisfy age criteria during the study period based on year of birth",0,"Generating denominator cohort set","9",1,NA,180,FALSE,"years",TRUE,9,5,"40;49","Both",180,2008-01-01,2018-01-01,NA,NA
1,38027,"No observation time available during study period",11973,"Generating denominator cohort set","9",1,NA,180,FALSE,"years",TRUE,9,5,"40;49","Both",180,2008-01-01,2018-01-01,NA,NA
1,38027,"Doesn't satisfy age criteria during the study period",0,"Generating denominator cohort set","9",1,NA,180,FALSE,"years",TRUE,9,5,"40;49","Both",180,2008-01-01,2018-01-01,NA,NA
1,30451,"Prior history requirement not fulfilled during study period",7576,"Generating denominator cohort set","9",1,NA,180,FALSE,"years",TRUE,9,5,"40;49","Both",180,2008-01-01,2018-01-01,NA,NA
1,4176,"No observation time available after applying age and prior history criteria",26275,"Generating denominator cohort set","9",1,NA,180,FALSE,"years",TRUE,9,5,"40;49","Both",180,2008-01-01,2018-01-01,NA,NA
1,4176,"Starting analysis population",NA,"Estimating incidence","9",1,NA,180,FALSE,"years",TRUE,9,5,"40;49","Both",180,2008-01-01,2018-01-01,NA,NA
1,3760,"Excluded due to prior event (do not pass outcome washout during study period)",416,"Estimating incidence","9",1,NA,180,FALSE,"years",TRUE,9,5,"40;49","Both",180,2008-01-01,2018-01-01,NA,NA
1,3759,"Not observed during the complete database interval",1,"Estimating incidence","9",1,NA,180,FALSE,"years",TRUE,9,5,"40;49","Both",180,2008-01-01,2018-01-01,NA,NA
