"result_id","analysis_id","prevalence_start_date","prevalence_end_date","n_cases","n_population","prevalence","prevalence_95CI_lower","prevalence_95CI_upper","cohort_obscured","result_obscured","outcome_cohort_id","outcome_cohort_name","analysis_outcome_lookback_days","analysis_type","analysis_interval","analysis_complete_database_intervals","analysis_time_point","analysis_full_contribution","analysis_min_cell_count","denominator_cohort_id","denominator_age_group","denominator_sex","denominator_days_prior_history","denominator_start_date","denominator_end_date","denominator_strata_cohort_definition_id","denominator_strata_cohort_name","database_name"
2,"1",2008-01-01,2008-01-01,NA,200,NA,NA,NA,"FALSE","TRUE",1,NA,0,"point","years",FALSE,"start",FALSE,5,1,"20;29","Female",180,2008-01-01,2018-01-01,NA,NA,"SIDIAP"
2,"1",2009-01-01,2009-01-01,NA,217,NA,NA,NA,"FALSE","TRUE",1,NA,0,"point","years",FALSE,"start",FALSE,5,1,"20;29","Female",180,2008-01-01,2018-01-01,NA,NA,"SIDIAP"
2,"1",2010-01-01,2010-01-01,NA,196,NA,NA,NA,"FALSE","TRUE",1,NA,0,"point","years",FALSE,"start",FALSE,5,1,"20;29","Female",180,2008-01-01,2018-01-01,NA,NA,"SIDIAP"
2,"1",2011-01-01,2011-01-01,NA,182,NA,NA,NA,"FALSE","TRUE",1,NA,0,"point","years",FALSE,"start",FALSE,5,1,"20;29","Female",180,2008-01-01,2018-01-01,NA,NA,"SIDIAP"
2,"1",2012-01-01,2012-01-01,NA,201,NA,NA,NA,"FALSE","TRUE",1,NA,0,"point","years",FALSE,"start",FALSE,5,1,"20;29","Female",180,2008-01-01,2018-01-01,NA,NA,"SIDIAP"
2,"1",2013-01-01,2013-01-01,NA,186,NA,NA,NA,"FALSE","TRUE",1,NA,0,"point","years",FALSE,"start",FALSE,5,1,"20;29","Female",180,2008-01-01,2018-01-01,NA,NA,"SIDIAP"
2,"1",2014-01-01,2014-01-01,NA,187,NA,NA,NA,"FALSE","TRUE",1,NA,0,"point","years",FALSE,"start",FALSE,5,1,"20;29","Female",180,2008-01-01,2018-01-01,NA,NA,"SIDIAP"
2,"1",2015-01-01,2015-01-01,NA,209,NA,NA,NA,"FALSE","TRUE",1,NA,0,"point","years",FALSE,"start",FALSE,5,1,"20;29","Female",180,2008-01-01,2018-01-01,NA,NA,"SIDIAP"
2,"1",2016-01-01,2016-01-01,NA,219,NA,NA,NA,"FALSE","TRUE",1,NA,0,"point","years",FALSE,"start",FALSE,5,1,"20;29","Female",180,2008-01-01,2018-01-01,NA,NA,"SIDIAP"
2,"1",2017-01-01,2017-01-01,NA,201,NA,NA,NA,"FALSE","TRUE",1,NA,0,"point","years",FALSE,"start",FALSE,5,1,"20;29","Female",180,2008-01-01,2018-01-01,NA,NA,"SIDIAP"
2,"1",2018-01-01,2018-01-01,NA,190,NA,NA,NA,"FALSE","TRUE",1,NA,0,"point","years",FALSE,"start",FALSE,5,1,"20;29","Female",180,2008-01-01,2018-01-01,NA,NA,"SIDIAP"
2,"10",2008-01-01,2008-01-01,NA,186,NA,NA,NA,"FALSE","TRUE",1,NA,0,"point","years",FALSE,"start",FALSE,5,10,"50;59","Female",180,2008-01-01,2018-01-01,NA,NA,"SIDIAP"
2,"10",2009-01-01,2009-01-01,NA,207,NA,NA,NA,"FALSE","TRUE",1,NA,0,"point","years",FALSE,"start",FALSE,5,10,"50;59","Female",180,2008-01-01,2018-01-01,NA,NA,"SIDIAP"
2,"10",2010-01-01,2010-01-01,NA,192,NA,NA,NA,"FALSE","TRUE",1,NA,0,"point","years",FALSE,"start",FALSE,5,10,"50;59","Female",180,2008-01-01,2018-01-01,NA,NA,"SIDIAP"
2,"10",2011-01-01,2011-01-01,NA,201,NA,NA,NA,"FALSE","TRUE",1,NA,0,"point","years",FALSE,"start",FALSE,5,10,"50;59","Female",180,2008-01-01,2018-01-01,NA,NA,"SIDIAP"
2,"10",2012-01-01,2012-01-01,NA,188,NA,NA,NA,"FALSE","TRUE",1,NA,0,"point","years",FALSE,"start",FALSE,5,10,"50;59","Female",180,2008-01-01,2018-01-01,NA,NA,"SIDIAP"
2,"10",2013-01-01,2013-01-01,NA,200,NA,NA,NA,"FALSE","TRUE",1,NA,0,"point","years",FALSE,"start",FALSE,5,10,"50;59","Female",180,2008-01-01,2018-01-01,NA,NA,"SIDIAP"
2,"10",2014-01-01,2014-01-01,NA,202,NA,NA,NA,"FALSE","TRUE",1,NA,0,"point","years",FALSE,"start",FALSE,5,10,"50;59","Female",180,2008-01-01,2018-01-01,NA,NA,"SIDIAP"
2,"10",2015-01-01,2015-01-01,NA,191,NA,NA,NA,"FALSE","TRUE",1,NA,0,"point","years",FALSE,"start",FALSE,5,10,"50;59","Female",180,2008-01-01,2018-01-01,NA,NA,"SIDIAP"
2,"10",2016-01-01,2016-01-01,NA,193,NA,NA,NA,"FALSE","TRUE",1,NA,0,"point","years",FALSE,"start",FALSE,5,10,"50;59","Female",180,2008-01-01,2018-01-01,NA,NA,"SIDIAP"
2,"10",2017-01-01,2017-01-01,NA,191,NA,NA,NA,"FALSE","TRUE",1,NA,0,"point","years",FALSE,"start",FALSE,5,10,"50;59","Female",180,2008-01-01,2018-01-01,NA,NA,"SIDIAP"
2,"10",2018-01-01,2018-01-01,NA,203,NA,NA,NA,"FALSE","TRUE",1,NA,0,"point","years",FALSE,"start",FALSE,5,10,"50;59","Female",180,2008-01-01,2018-01-01,NA,NA,"SIDIAP"
2,"11",2008-01-01,2008-01-01,NA,189,NA,NA,NA,"FALSE","TRUE",1,NA,0,"point","years",FALSE,"start",FALSE,5,11,"50;59","Male",180,2008-01-01,2018-01-01,NA,NA,"SIDIAP"
2,"11",2009-01-01,2009-01-01,NA,205,NA,NA,NA,"FALSE","TRUE",1,NA,0,"point","years",FALSE,"start",FALSE,5,11,"50;59","Male",180,2008-01-01,2018-01-01,NA,NA,"SIDIAP"
2,"11",2010-01-01,2010-01-01,NA,172,NA,NA,NA,"FALSE","TRUE",1,NA,0,"point","years",FALSE,"start",FALSE,5,11,"50;59","Male",180,2008-01-01,2018-01-01,NA,NA,"SIDIAP"
2,"11",2011-01-01,2011-01-01,NA,192,NA,NA,NA,"FALSE","TRUE",1,NA,0,"point","years",FALSE,"start",FALSE,5,11,"50;59","Male",180,2008-01-01,2018-01-01,NA,NA,"SIDIAP"
2,"11",2012-01-01,2012-01-01,NA,191,NA,NA,NA,"FALSE","TRUE",1,NA,0,"point","years",FALSE,"start",FALSE,5,11,"50;59","Male",180,2008-01-01,2018-01-01,NA,NA,"SIDIAP"
2,"11",2013-01-01,2013-01-01,NA,187,NA,NA,NA,"FALSE","TRUE",1,NA,0,"point","years",FALSE,"start",FALSE,5,11,"50;59","Male",180,2008-01-01,2018-01-01,NA,NA,"SIDIAP"
2,"11",2014-01-01,2014-01-01,NA,178,NA,NA,NA,"FALSE","TRUE",1,NA,0,"point","years",FALSE,"start",FALSE,5,11,"50;59","Male",180,2008-01-01,2018-01-01,NA,NA,"SIDIAP"
2,"11",2015-01-01,2015-01-01,NA,184,NA,NA,NA,"FALSE","TRUE",1,NA,0,"point","years",FALSE,"start",FALSE,5,11,"50;59","Male",180,2008-01-01,2018-01-01,NA,NA,"SIDIAP"
2,"11",2016-01-01,2016-01-01,NA,178,NA,NA,NA,"FALSE","TRUE",1,NA,0,"point","years",FALSE,"start",FALSE,5,11,"50;59","Male",180,2008-01-01,2018-01-01,NA,NA,"SIDIAP"
2,"11",2017-01-01,2017-01-01,NA,203,NA,NA,NA,"FALSE","TRUE",1,NA,0,"point","years",FALSE,"start",FALSE,5,11,"50;59","Male",180,2008-01-01,2018-01-01,NA,NA,"SIDIAP"
2,"11",2018-01-01,2018-01-01,NA,212,NA,NA,NA,"FALSE","TRUE",1,NA,0,"point","years",FALSE,"start",FALSE,5,11,"50;59","Male",180,2008-01-01,2018-01-01,NA,NA,"SIDIAP"
2,"12",2008-01-01,2008-01-01,5,375,0.0133333333333333,0.00570828931892381,0.0308279938634438,"FALSE","FALSE",1,NA,0,"point","years",FALSE,"start",FALSE,5,12,"50;59","Both",180,2008-01-01,2018-01-01,NA,NA,"SIDIAP"
2,"12",2009-01-01,2009-01-01,NA,412,NA,NA,NA,"FALSE","TRUE",1,NA,0,"point","years",FALSE,"start",FALSE,5,12,"50;59","Both",180,2008-01-01,2018-01-01,NA,NA,"SIDIAP"
2,"12",2010-01-01,2010-01-01,NA,364,NA,NA,NA,"FALSE","TRUE",1,NA,0,"point","years",FALSE,"start",FALSE,5,12,"50;59","Both",180,2008-01-01,2018-01-01,NA,NA,"SIDIAP"
2,"12",2011-01-01,2011-01-01,NA,393,NA,NA,NA,"FALSE","TRUE",1,NA,0,"point","years",FALSE,"start",FALSE,5,12,"50;59","Both",180,2008-01-01,2018-01-01,NA,NA,"SIDIAP"
2,"12",2012-01-01,2012-01-01,NA,379,NA,NA,NA,"FALSE","TRUE",1,NA,0,"point","years",FALSE,"start",FALSE,5,12,"50;59","Both",180,2008-01-01,2018-01-01,NA,NA,"SIDIAP"
2,"12",2013-01-01,2013-01-01,NA,387,NA,NA,NA,"FALSE","TRUE",1,NA,0,"point","years",FALSE,"start",FALSE,5,12,"50;59","Both",180,2008-01-01,2018-01-01,NA,NA,"SIDIAP"
2,"12",2014-01-01,2014-01-01,NA,380,NA,NA,NA,"FALSE","TRUE",1,NA,0,"point","years",FALSE,"start",FALSE,5,12,"50;59","Both",180,2008-01-01,2018-01-01,NA,NA,"SIDIAP"
2,"12",2015-01-01,2015-01-01,NA,375,NA,NA,NA,"FALSE","TRUE",1,NA,0,"point","years",FALSE,"start",FALSE,5,12,"50;59","Both",180,2008-01-01,2018-01-01,NA,NA,"SIDIAP"
2,"12",2016-01-01,2016-01-01,NA,371,NA,NA,NA,"FALSE","TRUE",1,NA,0,"point","years",FALSE,"start",FALSE,5,12,"50;59","Both",180,2008-01-01,2018-01-01,NA,NA,"SIDIAP"
2,"12",2017-01-01,2017-01-01,NA,394,NA,NA,NA,"FALSE","TRUE",1,NA,0,"point","years",FALSE,"start",FALSE,5,12,"50;59","Both",180,2008-01-01,2018-01-01,NA,NA,"SIDIAP"
2,"12",2018-01-01,2018-01-01,NA,415,NA,NA,NA,"FALSE","TRUE",1,NA,0,"point","years",FALSE,"start",FALSE,5,12,"50;59","Both",180,2008-01-01,2018-01-01,NA,NA,"SIDIAP"
2,"13",2008-01-01,2008-01-01,NA,169,NA,NA,NA,"FALSE","TRUE",1,NA,0,"point","years",FALSE,"start",FALSE,5,13,"60;69","Female",180,2008-01-01,2018-01-01,NA,NA,"SIDIAP"
2,"13",2009-01-01,2009-01-01,NA,190,NA,NA,NA,"FALSE","TRUE",1,NA,0,"point","years",FALSE,"start",FALSE,5,13,"60;69","Female",180,2008-01-01,2018-01-01,NA,NA,"SIDIAP"
2,"13",2010-01-01,2010-01-01,NA,201,NA,NA,NA,"FALSE","TRUE",1,NA,0,"point","years",FALSE,"start",FALSE,5,13,"60;69","Female",180,2008-01-01,2018-01-01,NA,NA,"SIDIAP"
2,"13",2011-01-01,2011-01-01,NA,205,NA,NA,NA,"FALSE","TRUE",1,NA,0,"point","years",FALSE,"start",FALSE,5,13,"60;69","Female",180,2008-01-01,2018-01-01,NA,NA,"SIDIAP"
2,"13",2012-01-01,2012-01-01,NA,196,NA,NA,NA,"FALSE","TRUE",1,NA,0,"point","years",FALSE,"start",FALSE,5,13,"60;69","Female",180,2008-01-01,2018-01-01,NA,NA,"SIDIAP"
2,"13",2013-01-01,2013-01-01,NA,180,NA,NA,NA,"FALSE","TRUE",1,NA,0,"point","years",FALSE,"start",FALSE,5,13,"60;69","Female",180,2008-01-01,2018-01-01,NA,NA,"SIDIAP"
2,"13",2014-01-01,2014-01-01,NA,191,NA,NA,NA,"FALSE","TRUE",1,NA,0,"point","years",FALSE,"start",FALSE,5,13,"60;69","Female",180,2008-01-01,2018-01-01,NA,NA,"SIDIAP"
2,"13",2015-01-01,2015-01-01,NA,203,NA,NA,NA,"FALSE","TRUE",1,NA,0,"point","years",FALSE,"start",FALSE,5,13,"60;69","Female",180,2008-01-01,2018-01-01,NA,NA,"SIDIAP"
2,"13",2016-01-01,2016-01-01,NA,211,NA,NA,NA,"FALSE","TRUE",1,NA,0,"point","years",FALSE,"start",FALSE,5,13,"60;69","Female",180,2008-01-01,2018-01-01,NA,NA,"SIDIAP"
2,"13",2017-01-01,2017-01-01,NA,190,NA,NA,NA,"FALSE","TRUE",1,NA,0,"point","years",FALSE,"start",FALSE,5,13,"60;69","Female",180,2008-01-01,2018-01-01,NA,NA,"SIDIAP"
2,"13",2018-01-01,2018-01-01,NA,168,NA,NA,NA,"FALSE","TRUE",1,NA,0,"point","years",FALSE,"start",FALSE,5,13,"60;69","Female",180,2008-01-01,2018-01-01,NA,NA,"SIDIAP"
2,"14",2008-01-01,2008-01-01,NA,190,NA,NA,NA,"FALSE","TRUE",1,NA,0,"point","years",FALSE,"start",FALSE,5,14,"60;69","Male",180,2008-01-01,2018-01-01,NA,NA,"SIDIAP"
2,"14",2009-01-01,2009-01-01,NA,183,NA,NA,NA,"FALSE","TRUE",1,NA,0,"point","years",FALSE,"start",FALSE,5,14,"60;69","Male",180,2008-01-01,2018-01-01,NA,NA,"SIDIAP"
2,"14",2010-01-01,2010-01-01,NA,180,NA,NA,NA,"FALSE","TRUE",1,NA,0,"point","years",FALSE,"start",FALSE,5,14,"60;69","Male",180,2008-01-01,2018-01-01,NA,NA,"SIDIAP"
2,"14",2011-01-01,2011-01-01,NA,194,NA,NA,NA,"FALSE","TRUE",1,NA,0,"point","years",FALSE,"start",FALSE,5,14,"60;69","Male",180,2008-01-01,2018-01-01,NA,NA,"SIDIAP"
2,"14",2012-01-01,2012-01-01,NA,213,NA,NA,NA,"FALSE","TRUE",1,NA,0,"point","years",FALSE,"start",FALSE,5,14,"60;69","Male",180,2008-01-01,2018-01-01,NA,NA,"SIDIAP"
2,"14",2013-01-01,2013-01-01,NA,201,NA,NA,NA,"FALSE","TRUE",1,NA,0,"point","years",FALSE,"start",FALSE,5,14,"60;69","Male",180,2008-01-01,2018-01-01,NA,NA,"SIDIAP"
2,"14",2014-01-01,2014-01-01,NA,198,NA,NA,NA,"FALSE","TRUE",1,NA,0,"point","years",FALSE,"start",FALSE,5,14,"60;69","Male",180,2008-01-01,2018-01-01,NA,NA,"SIDIAP"
2,"14",2015-01-01,2015-01-01,NA,230,NA,NA,NA,"FALSE","TRUE",1,NA,0,"point","years",FALSE,"start",FALSE,5,14,"60;69","Male",180,2008-01-01,2018-01-01,NA,NA,"SIDIAP"
2,"14",2016-01-01,2016-01-01,NA,214,NA,NA,NA,"FALSE","TRUE",1,NA,0,"point","years",FALSE,"start",FALSE,5,14,"60;69","Male",180,2008-01-01,2018-01-01,NA,NA,"SIDIAP"
2,"14",2017-01-01,2017-01-01,NA,182,NA,NA,NA,"FALSE","TRUE",1,NA,0,"point","years",FALSE,"start",FALSE,5,14,"60;69","Male",180,2008-01-01,2018-01-01,NA,NA,"SIDIAP"
2,"14",2018-01-01,2018-01-01,NA,179,NA,NA,NA,"FALSE","TRUE",1,NA,0,"point","years",FALSE,"start",FALSE,5,14,"60;69","Male",180,2008-01-01,2018-01-01,NA,NA,"SIDIAP"
2,"15",2008-01-01,2008-01-01,NA,359,NA,NA,NA,"FALSE","TRUE",1,NA,0,"point","years",FALSE,"start",FALSE,5,15,"60;69","Both",180,2008-01-01,2018-01-01,NA,NA,"SIDIAP"
2,"15",2009-01-01,2009-01-01,NA,373,NA,NA,NA,"FALSE","TRUE",1,NA,0,"point","years",FALSE,"start",FALSE,5,15,"60;69","Both",180,2008-01-01,2018-01-01,NA,NA,"SIDIAP"
2,"15",2010-01-01,2010-01-01,NA,381,NA,NA,NA,"FALSE","TRUE",1,NA,0,"point","years",FALSE,"start",FALSE,5,15,"60;69","Both",180,2008-01-01,2018-01-01,NA,NA,"SIDIAP"
2,"15",2011-01-01,2011-01-01,5,399,0.012531328320802,0.00536419021109328,0.028995378591022,"FALSE","FALSE",1,NA,0,"point","years",FALSE,"start",FALSE,5,15,"60;69","Both",180,2008-01-01,2018-01-01,NA,NA,"SIDIAP"
2,"15",2012-01-01,2012-01-01,NA,409,NA,NA,NA,"FALSE","TRUE",1,NA,0,"point","years",FALSE,"start",FALSE,5,15,"60;69","Both",180,2008-01-01,2018-01-01,NA,NA,"SIDIAP"
2,"15",2013-01-01,2013-01-01,NA,381,NA,NA,NA,"FALSE","TRUE",1,NA,0,"point","years",FALSE,"start",FALSE,5,15,"60;69","Both",180,2008-01-01,2018-01-01,NA,NA,"SIDIAP"
2,"15",2014-01-01,2014-01-01,NA,389,NA,NA,NA,"FALSE","TRUE",1,NA,0,"point","years",FALSE,"start",FALSE,5,15,"60;69","Both",180,2008-01-01,2018-01-01,NA,NA,"SIDIAP"
2,"15",2015-01-01,2015-01-01,NA,433,NA,NA,NA,"FALSE","TRUE",1,NA,0,"point","years",FALSE,"start",FALSE,5,15,"60;69","Both",180,2008-01-01,2018-01-01,NA,NA,"SIDIAP"
2,"15",2016-01-01,2016-01-01,NA,425,NA,NA,NA,"FALSE","TRUE",1,NA,0,"point","years",FALSE,"start",FALSE,5,15,"60;69","Both",180,2008-01-01,2018-01-01,NA,NA,"SIDIAP"
2,"15",2017-01-01,2017-01-01,NA,372,NA,NA,NA,"FALSE","TRUE",1,NA,0,"point","years",FALSE,"start",FALSE,5,15,"60;69","Both",180,2008-01-01,2018-01-01,NA,NA,"SIDIAP"
2,"15",2018-01-01,2018-01-01,NA,347,NA,NA,NA,"FALSE","TRUE",1,NA,0,"point","years",FALSE,"start",FALSE,5,15,"60;69","Both",180,2008-01-01,2018-01-01,NA,NA,"SIDIAP"
2,"16",2008-01-01,2008-01-01,6,1490,0.00402684563758389,0.00184680661407127,0.00875770481326593,"FALSE","FALSE",1,NA,0,"point","years",FALSE,"start",FALSE,5,16,"0;99","Female",180,2008-01-01,2018-01-01,NA,NA,"SIDIAP"
2,"16",2009-01-01,2009-01-01,10,1569,0.00637348629700446,0.00346562567022152,0.0116925828618516,"FALSE","FALSE",1,NA,0,"point","years",FALSE,"start",FALSE,5,16,"0;99","Female",180,2008-01-01,2018-01-01,NA,NA,"SIDIAP"
2,"16",2010-01-01,2010-01-01,8,1623,0.00492914356130622,0.00249976601215239,0.00969654157093398,"FALSE","FALSE",1,NA,0,"point","years",FALSE,"start",FALSE,5,16,"0;99","Female",180,2008-01-01,2018-01-01,NA,NA,"SIDIAP"
2,"16",2011-01-01,2011-01-01,11,1625,0.00676923076923077,0.00378402063076364,0.0120809112696091,"FALSE","FALSE",1,NA,0,"point","years",FALSE,"start",FALSE,5,16,"0;99","Female",180,2008-01-01,2018-01-01,NA,NA,"SIDIAP"
2,"16",2012-01-01,2012-01-01,7,1587,0.00441083805923125,0.00213823859469895,0.00907686943619193,"FALSE","FALSE",1,NA,0,"point","years",FALSE,"start",FALSE,5,16,"0;99","Female",180,2008-01-01,2018-01-01,NA,NA,"SIDIAP"
2,"16",2013-01-01,2013-01-01,9,1532,0.00587467362924282,0.0030937525929711,0.0111274150251144,"FALSE","FALSE",1,NA,0,"point","years",FALSE,"start",FALSE,5,16,"0;99","Female",180,2008-01-01,2018-01-01,NA,NA,"SIDIAP"
2,"16",2014-01-01,2014-01-01,7,1553,0.00450740502253703,0.00218508688663504,0.00927494889260802,"FALSE","FALSE",1,NA,0,"point","years",FALSE,"start",FALSE,5,16,"0;99","Female",180,2008-01-01,2018-01-01,NA,NA,"SIDIAP"
2,"16",2015-01-01,2015-01-01,7,1614,0.00433705080545229,0.00210244263255932,0.0089254975425549,"FALSE","FALSE",1,NA,0,"point","years",FALSE,"start",FALSE,5,16,"0;99","Female",180,2008-01-01,2018-01-01,NA,NA,"SIDIAP"
2,"16",2016-01-01,2016-01-01,14,1585,0.00883280757097792,0.00526877809989142,0.0147718991142645,"FALSE","FALSE",1,NA,0,"point","years",FALSE,"start",FALSE,5,16,"0;99","Female",180,2008-01-01,2018-01-01,NA,NA,"SIDIAP"
2,"16",2017-01-01,2017-01-01,11,1536,0.00716145833333333,0.00400352657234427,0.0127783691693674,"FALSE","FALSE",1,NA,0,"point","years",FALSE,"start",FALSE,5,16,"0;99","Female",180,2008-01-01,2018-01-01,NA,NA,"SIDIAP"
2,"16",2018-01-01,2018-01-01,11,1522,0.00722733245729304,0.00404039500639029,0.0128954790788942,"FALSE","FALSE",1,NA,0,"point","years",FALSE,"start",FALSE,5,16,"0;99","Female",180,2008-01-01,2018-01-01,NA,NA,"SIDIAP"
2,"17",2008-01-01,2008-01-01,9,1488,0.00604838709677419,0.00318532525271829,0.0114552779370871,"FALSE","FALSE",1,NA,0,"point","years",FALSE,"start",FALSE,5,17,"0;99","Male",180,2008-01-01,2018-01-01,NA,NA,"SIDIAP"
2,"17",2009-01-01,2009-01-01,6,1536,0.00390625,0.00179146173618571,0.0084962589443748,"FALSE","FALSE",1,NA,0,"point","years",FALSE,"start",FALSE,5,17,"0;99","Male",180,2008-01-01,2018-01-01,NA,NA,"SIDIAP"
2,"17",2010-01-01,2010-01-01,9,1497,0.00601202404809619,0.00316615612192697,0.0113866526989703,"FALSE","FALSE",1,NA,0,"point","years",FALSE,"start",FALSE,5,17,"0;99","Male",180,2008-01-01,2018-01-01,NA,NA,"SIDIAP"
2,"17",2011-01-01,2011-01-01,7,1528,0.00458115183246073,0.00222086528679904,0.00942620087527596,"FALSE","FALSE",1,NA,0,"point","years",FALSE,"start",FALSE,5,17,"0;99","Male",180,2008-01-01,2018-01-01,NA,NA,"SIDIAP"
2,"17",2012-01-01,2012-01-01,12,1583,0.00758054327226785,0.00434168496019579,0.0132035201174339,"FALSE","FALSE",1,NA,0,"point","years",FALSE,"start",FALSE,5,17,"0;99","Male",180,2008-01-01,2018-01-01,NA,NA,"SIDIAP"
2,"17",2013-01-01,2013-01-01,10,1538,0.00650195058517555,0.00353555230458766,0.0119274245691369,"FALSE","FALSE",1,NA,0,"point","years",FALSE,"start",FALSE,5,17,"0;99","Male",180,2008-01-01,2018-01-01,NA,NA,"SIDIAP"
2,"17",2014-01-01,2014-01-01,10,1537,0.00650618087182824,0.00353785501500161,0.01193515726943,"FALSE","FALSE",1,NA,0,"point","years",FALSE,"start",FALSE,5,17,"0;99","Male",180,2008-01-01,2018-01-01,NA,NA,"SIDIAP"
2,"17",2015-01-01,2015-01-01,6,1587,0.00378071833648393,0.00173385399268775,0.00822405773563591,"FALSE","FALSE",1,NA,0,"point","years",FALSE,"start",FALSE,5,17,"0;99","Male",180,2008-01-01,2018-01-01,NA,NA,"SIDIAP"
2,"17",2016-01-01,2016-01-01,8,1553,0.0051513200257566,0.002612537178908,0.0101321509255082,"FALSE","FALSE",1,NA,0,"point","years",FALSE,"start",FALSE,5,17,"0;99","Male",180,2008-01-01,2018-01-01,NA,NA,"SIDIAP"
2,"17",2017-01-01,2017-01-01,NA,1551,NA,NA,NA,"FALSE","TRUE",1,NA,0,"point","years",FALSE,"start",FALSE,5,17,"0;99","Male",180,2008-01-01,2018-01-01,NA,NA,"SIDIAP"
2,"17",2018-01-01,2018-01-01,9,1476,0.00609756097560976,0.00321124809991644,0.0115480754009266,"FALSE","FALSE",1,NA,0,"point","years",FALSE,"start",FALSE,5,17,"0;99","Male",180,2008-01-01,2018-01-01,NA,NA,"SIDIAP"
2,"18",2008-01-01,2008-01-01,15,2978,0.00503693754197448,0.00305487245001253,0.00829430868119297,"FALSE","FALSE",1,NA,0,"point","years",FALSE,"start",FALSE,5,18,"0;99","Both",180,2008-01-01,2018-01-01,NA,NA,"SIDIAP"
2,"18",2009-01-01,2009-01-01,16,3105,0.00515297906602254,0.00317438506839176,0.00835449451438703,"FALSE","FALSE",1,NA,0,"point","years",FALSE,"start",FALSE,5,18,"0;99","Both",180,2008-01-01,2018-01-01,NA,NA,"SIDIAP"
2,"18",2010-01-01,2010-01-01,17,3120,0.00544871794871795,0.00340475458870434,0.00870900320583493,"FALSE","FALSE",1,NA,0,"point","years",FALSE,"start",FALSE,5,18,"0;99","Both",180,2008-01-01,2018-01-01,NA,NA,"SIDIAP"
2,"18",2011-01-01,2011-01-01,18,3153,0.00570884871550904,0.00361421960536343,0.00900645182853803,"FALSE","FALSE",1,NA,0,"point","years",FALSE,"start",FALSE,5,18,"0;99","Both",180,2008-01-01,2018-01-01,NA,NA,"SIDIAP"
2,"18",2012-01-01,2012-01-01,19,3170,0.00599369085173502,0.00384052224929549,0.00934270046789756,"FALSE","FALSE",1,NA,0,"point","years",FALSE,"start",FALSE,5,18,"0;99","Both",180,2008-01-01,2018-01-01,NA,NA,"SIDIAP"
2,"18",2013-01-01,2013-01-01,19,3070,0.00618892508143322,0.0039657298308017,0.00964637716340448,"FALSE","FALSE",1,NA,0,"point","years",FALSE,"start",FALSE,5,18,"0;99","Both",180,2008-01-01,2018-01-01,NA,NA,"SIDIAP"
2,"18",2014-01-01,2014-01-01,17,3090,0.00550161812297735,0.0034378368049798,0.00879338425930785,"FALSE","FALSE",1,NA,0,"point","years",FALSE,"start",FALSE,5,18,"0;99","Both",180,2008-01-01,2018-01-01,NA,NA,"SIDIAP"
2,"18",2015-01-01,2015-01-01,13,3201,0.00406123086535458,0.00237498942463843,0.0069363787675576,"FALSE","FALSE",1,NA,0,"point","years",FALSE,"start",FALSE,5,18,"0;99","Both",180,2008-01-01,2018-01-01,NA,NA,"SIDIAP"
2,"18",2016-01-01,2016-01-01,22,3138,0.00701083492670491,0.0046344707693523,0.0105927325913964,"FALSE","FALSE",1,NA,0,"point","years",FALSE,"start",FALSE,5,18,"0;99","Both",180,2008-01-01,2018-01-01,NA,NA,"SIDIAP"
2,"18",2017-01-01,2017-01-01,15,3087,0.00485908649173955,0.0029469286974629,0.00800201814163065,"FALSE","FALSE",1,NA,0,"point","years",FALSE,"start",FALSE,5,18,"0;99","Both",180,2008-01-01,2018-01-01,NA,NA,"SIDIAP"
2,"18",2018-01-01,2018-01-01,20,2998,0.0066711140760507,0.00432272360962311,0.0102821312510056,"FALSE","FALSE",1,NA,0,"point","years",FALSE,"start",FALSE,5,18,"0;99","Both",180,2008-01-01,2018-01-01,NA,NA,"SIDIAP"
2,"2",2008-01-01,2008-01-01,NA,165,NA,NA,NA,"FALSE","TRUE",1,NA,0,"point","years",FALSE,"start",FALSE,5,2,"20;29","Male",180,2008-01-01,2018-01-01,NA,NA,"SIDIAP"
2,"2",2009-01-01,2009-01-01,NA,179,NA,NA,NA,"FALSE","TRUE",1,NA,0,"point","years",FALSE,"start",FALSE,5,2,"20;29","Male",180,2008-01-01,2018-01-01,NA,NA,"SIDIAP"
2,"2",2010-01-01,2010-01-01,NA,183,NA,NA,NA,"FALSE","TRUE",1,NA,0,"point","years",FALSE,"start",FALSE,5,2,"20;29","Male",180,2008-01-01,2018-01-01,NA,NA,"SIDIAP"
2,"2",2011-01-01,2011-01-01,NA,197,NA,NA,NA,"FALSE","TRUE",1,NA,0,"point","years",FALSE,"start",FALSE,5,2,"20;29","Male",180,2008-01-01,2018-01-01,NA,NA,"SIDIAP"
2,"2",2012-01-01,2012-01-01,NA,220,NA,NA,NA,"FALSE","TRUE",1,NA,0,"point","years",FALSE,"start",FALSE,5,2,"20;29","Male",180,2008-01-01,2018-01-01,NA,NA,"SIDIAP"
2,"2",2013-01-01,2013-01-01,NA,184,NA,NA,NA,"FALSE","TRUE",1,NA,0,"point","years",FALSE,"start",FALSE,5,2,"20;29","Male",180,2008-01-01,2018-01-01,NA,NA,"SIDIAP"
2,"2",2014-01-01,2014-01-01,NA,181,NA,NA,NA,"FALSE","TRUE",1,NA,0,"point","years",FALSE,"start",FALSE,5,2,"20;29","Male",180,2008-01-01,2018-01-01,NA,NA,"SIDIAP"
2,"2",2015-01-01,2015-01-01,NA,198,NA,NA,NA,"FALSE","TRUE",1,NA,0,"point","years",FALSE,"start",FALSE,5,2,"20;29","Male",180,2008-01-01,2018-01-01,NA,NA,"SIDIAP"
2,"2",2016-01-01,2016-01-01,NA,177,NA,NA,NA,"FALSE","TRUE",1,NA,0,"point","years",FALSE,"start",FALSE,5,2,"20;29","Male",180,2008-01-01,2018-01-01,NA,NA,"SIDIAP"
2,"2",2017-01-01,2017-01-01,NA,187,NA,NA,NA,"FALSE","TRUE",1,NA,0,"point","years",FALSE,"start",FALSE,5,2,"20;29","Male",180,2008-01-01,2018-01-01,NA,NA,"SIDIAP"
2,"2",2018-01-01,2018-01-01,NA,208,NA,NA,NA,"FALSE","TRUE",1,NA,0,"point","years",FALSE,"start",FALSE,5,2,"20;29","Male",180,2008-01-01,2018-01-01,NA,NA,"SIDIAP"
2,"3",2008-01-01,2008-01-01,NA,365,NA,NA,NA,"FALSE","TRUE",1,NA,0,"point","years",FALSE,"start",FALSE,5,3,"20;29","Both",180,2008-01-01,2018-01-01,NA,NA,"SIDIAP"
2,"3",2009-01-01,2009-01-01,5,396,0.0126262626262626,0.00540491665055717,0.029212451096946,"FALSE","FALSE",1,NA,0,"point","years",FALSE,"start",FALSE,5,3,"20;29","Both",180,2008-01-01,2018-01-01,NA,NA,"SIDIAP"
2,"3",2010-01-01,2010-01-01,NA,379,NA,NA,NA,"FALSE","TRUE",1,NA,0,"point","years",FALSE,"start",FALSE,5,3,"20;29","Both",180,2008-01-01,2018-01-01,NA,NA,"SIDIAP"
2,"3",2011-01-01,2011-01-01,NA,379,NA,NA,NA,"FALSE","TRUE",1,NA,0,"point","years",FALSE,"start",FALSE,5,3,"20;29","Both",180,2008-01-01,2018-01-01,NA,NA,"SIDIAP"
2,"3",2012-01-01,2012-01-01,NA,421,NA,NA,NA,"FALSE","TRUE",1,NA,0,"point","years",FALSE,"start",FALSE,5,3,"20;29","Both",180,2008-01-01,2018-01-01,NA,NA,"SIDIAP"
2,"3",2013-01-01,2013-01-01,NA,370,NA,NA,NA,"FALSE","TRUE",1,NA,0,"point","years",FALSE,"start",FALSE,5,3,"20;29","Both",180,2008-01-01,2018-01-01,NA,NA,"SIDIAP"
2,"3",2014-01-01,2014-01-01,NA,368,NA,NA,NA,"FALSE","TRUE",1,NA,0,"point","years",FALSE,"start",FALSE,5,3,"20;29","Both",180,2008-01-01,2018-01-01,NA,NA,"SIDIAP"
2,"3",2015-01-01,2015-01-01,NA,407,NA,NA,NA,"FALSE","TRUE",1,NA,0,"point","years",FALSE,"start",FALSE,5,3,"20;29","Both",180,2008-01-01,2018-01-01,NA,NA,"SIDIAP"
2,"3",2016-01-01,2016-01-01,NA,396,NA,NA,NA,"FALSE","TRUE",1,NA,0,"point","years",FALSE,"start",FALSE,5,3,"20;29","Both",180,2008-01-01,2018-01-01,NA,NA,"SIDIAP"
2,"3",2017-01-01,2017-01-01,NA,388,NA,NA,NA,"FALSE","TRUE",1,NA,0,"point","years",FALSE,"start",FALSE,5,3,"20;29","Both",180,2008-01-01,2018-01-01,NA,NA,"SIDIAP"
2,"3",2018-01-01,2018-01-01,6,398,0.0150753768844221,0.00692701625213942,0.0324951450827933,"FALSE","FALSE",1,NA,0,"point","years",FALSE,"start",FALSE,5,3,"20;29","Both",180,2008-01-01,2018-01-01,NA,NA,"SIDIAP"
2,"4",2008-01-01,2008-01-01,NA,189,NA,NA,NA,"FALSE","TRUE",1,NA,0,"point","years",FALSE,"start",FALSE,5,4,"30;39","Female",180,2008-01-01,2018-01-01,NA,NA,"SIDIAP"
2,"4",2009-01-01,2009-01-01,NA,203,NA,NA,NA,"FALSE","TRUE",1,NA,0,"point","years",FALSE,"start",FALSE,5,4,"30;39","Female",180,2008-01-01,2018-01-01,NA,NA,"SIDIAP"
2,"4",2010-01-01,2010-01-01,NA,228,NA,NA,NA,"FALSE","TRUE",1,NA,0,"point","years",FALSE,"start",FALSE,5,4,"30;39","Female",180,2008-01-01,2018-01-01,NA,NA,"SIDIAP"
2,"4",2011-01-01,2011-01-01,NA,202,NA,NA,NA,"FALSE","TRUE",1,NA,0,"point","years",FALSE,"start",FALSE,5,4,"30;39","Female",180,2008-01-01,2018-01-01,NA,NA,"SIDIAP"
2,"4",2012-01-01,2012-01-01,NA,177,NA,NA,NA,"FALSE","TRUE",1,NA,0,"point","years",FALSE,"start",FALSE,5,4,"30;39","Female",180,2008-01-01,2018-01-01,NA,NA,"SIDIAP"
2,"4",2013-01-01,2013-01-01,NA,173,NA,NA,NA,"FALSE","TRUE",1,NA,0,"point","years",FALSE,"start",FALSE,5,4,"30;39","Female",180,2008-01-01,2018-01-01,NA,NA,"SIDIAP"
2,"4",2014-01-01,2014-01-01,NA,160,NA,NA,NA,"FALSE","TRUE",1,NA,0,"point","years",FALSE,"start",FALSE,5,4,"30;39","Female",180,2008-01-01,2018-01-01,NA,NA,"SIDIAP"
2,"4",2015-01-01,2015-01-01,NA,236,NA,NA,NA,"FALSE","TRUE",1,NA,0,"point","years",FALSE,"start",FALSE,5,4,"30;39","Female",180,2008-01-01,2018-01-01,NA,NA,"SIDIAP"
2,"4",2016-01-01,2016-01-01,NA,202,NA,NA,NA,"FALSE","TRUE",1,NA,0,"point","years",FALSE,"start",FALSE,5,4,"30;39","Female",180,2008-01-01,2018-01-01,NA,NA,"SIDIAP"
2,"4",2017-01-01,2017-01-01,NA,184,NA,NA,NA,"FALSE","TRUE",1,NA,0,"point","years",FALSE,"start",FALSE,5,4,"30;39","Female",180,2008-01-01,2018-01-01,NA,NA,"SIDIAP"
2,"4",2018-01-01,2018-01-01,NA,206,NA,NA,NA,"FALSE","TRUE",1,NA,0,"point","years",FALSE,"start",FALSE,5,4,"30;39","Female",180,2008-01-01,2018-01-01,NA,NA,"SIDIAP"
2,"5",2008-01-01,2008-01-01,NA,181,NA,NA,NA,"FALSE","TRUE",1,NA,0,"point","years",FALSE,"start",FALSE,5,5,"30;39","Male",180,2008-01-01,2018-01-01,NA,NA,"SIDIAP"
2,"5",2009-01-01,2009-01-01,NA,203,NA,NA,NA,"FALSE","TRUE",1,NA,0,"point","years",FALSE,"start",FALSE,5,5,"30;39","Male",180,2008-01-01,2018-01-01,NA,NA,"SIDIAP"
2,"5",2010-01-01,2010-01-01,NA,176,NA,NA,NA,"FALSE","TRUE",1,NA,0,"point","years",FALSE,"start",FALSE,5,5,"30;39","Male",180,2008-01-01,2018-01-01,NA,NA,"SIDIAP"
2,"5",2011-01-01,2011-01-01,NA,190,NA,NA,NA,"FALSE","TRUE",1,NA,0,"point","years",FALSE,"start",FALSE,5,5,"30;39","Male",180,2008-01-01,2018-01-01,NA,NA,"SIDIAP"
2,"5",2012-01-01,2012-01-01,NA,172,NA,NA,NA,"FALSE","TRUE",1,NA,0,"point","years",FALSE,"start",FALSE,5,5,"30;39","Male",180,2008-01-01,2018-01-01,NA,NA,"SIDIAP"
2,"5",2013-01-01,2013-01-01,NA,186,NA,NA,NA,"FALSE","TRUE",1,NA,0,"point","years",FALSE,"start",FALSE,5,5,"30;39","Male",180,2008-01-01,2018-01-01,NA,NA,"SIDIAP"
2,"5",2014-01-01,2014-01-01,NA,202,NA,NA,NA,"FALSE","TRUE",1,NA,0,"point","years",FALSE,"start",FALSE,5,5,"30;39","Male",180,2008-01-01,2018-01-01,NA,NA,"SIDIAP"
2,"5",2015-01-01,2015-01-01,NA,181,NA,NA,NA,"FALSE","TRUE",1,NA,0,"point","years",FALSE,"start",FALSE,5,5,"30;39","Male",180,2008-01-01,2018-01-01,NA,NA,"SIDIAP"
2,"5",2016-01-01,2016-01-01,NA,192,NA,NA,NA,"FALSE","TRUE",1,NA,0,"point","years",FALSE,"start",FALSE,5,5,"30;39","Male",180,2008-01-01,2018-01-01,NA,NA,"SIDIAP"
2,"5",2017-01-01,2017-01-01,NA,194,NA,NA,NA,"FALSE","TRUE",1,NA,0,"point","years",FALSE,"start",FALSE,5,5,"30;39","Male",180,2008-01-01,2018-01-01,NA,NA,"SIDIAP"
2,"5",2018-01-01,2018-01-01,NA,171,NA,NA,NA,"FALSE","TRUE",1,NA,0,"point","years",FALSE,"start",FALSE,5,5,"30;39","Male",180,2008-01-01,2018-01-01,NA,NA,"SIDIAP"
2,"6",2008-01-01,2008-01-01,NA,370,NA,NA,NA,"FALSE","TRUE",1,NA,0,"point","years",FALSE,"start",FALSE,5,6,"30;39","Both",180,2008-01-01,2018-01-01,NA,NA,"SIDIAP"
2,"6",2009-01-01,2009-01-01,NA,406,NA,NA,NA,"FALSE","TRUE",1,NA,0,"point","years",FALSE,"start",FALSE,5,6,"30;39","Both",180,2008-01-01,2018-01-01,NA,NA,"SIDIAP"
2,"6",2010-01-01,2010-01-01,5,404,0.0123762376237624,0.00529765979986644,0.0286406721703992,"FALSE","FALSE",1,NA,0,"point","years",FALSE,"start",FALSE,5,6,"30;39","Both",180,2008-01-01,2018-01-01,NA,NA,"SIDIAP"
2,"6",2011-01-01,2011-01-01,NA,392,NA,NA,NA,"FALSE","TRUE",1,NA,0,"point","years",FALSE,"start",FALSE,5,6,"30;39","Both",180,2008-01-01,2018-01-01,NA,NA,"SIDIAP"
2,"6",2012-01-01,2012-01-01,NA,349,NA,NA,NA,"FALSE","TRUE",1,NA,0,"point","years",FALSE,"start",FALSE,5,6,"30;39","Both",180,2008-01-01,2018-01-01,NA,NA,"SIDIAP"
2,"6",2013-01-01,2013-01-01,NA,359,NA,NA,NA,"FALSE","TRUE",1,NA,0,"point","years",FALSE,"start",FALSE,5,6,"30;39","Both",180,2008-01-01,2018-01-01,NA,NA,"SIDIAP"
2,"6",2014-01-01,2014-01-01,NA,362,NA,NA,NA,"FALSE","TRUE",1,NA,0,"point","years",FALSE,"start",FALSE,5,6,"30;39","Both",180,2008-01-01,2018-01-01,NA,NA,"SIDIAP"
2,"6",2015-01-01,2015-01-01,NA,417,NA,NA,NA,"FALSE","TRUE",1,NA,0,"point","years",FALSE,"start",FALSE,5,6,"30;39","Both",180,2008-01-01,2018-01-01,NA,NA,"SIDIAP"
2,"6",2016-01-01,2016-01-01,NA,394,NA,NA,NA,"FALSE","TRUE",1,NA,0,"point","years",FALSE,"start",FALSE,5,6,"30;39","Both",180,2008-01-01,2018-01-01,NA,NA,"SIDIAP"
2,"6",2017-01-01,2017-01-01,NA,378,NA,NA,NA,"FALSE","TRUE",1,NA,0,"point","years",FALSE,"start",FALSE,5,6,"30;39","Both",180,2008-01-01,2018-01-01,NA,NA,"SIDIAP"
2,"6",2018-01-01,2018-01-01,NA,377,NA,NA,NA,"FALSE","TRUE",1,NA,0,"point","years",FALSE,"start",FALSE,5,6,"30;39","Both",180,2008-01-01,2018-01-01,NA,NA,"SIDIAP"
2,"7",2008-01-01,2008-01-01,NA,181,NA,NA,NA,"FALSE","TRUE",1,NA,0,"point","years",FALSE,"start",FALSE,5,7,"40;49","Female",180,2008-01-01,2018-01-01,NA,NA,"SIDIAP"
2,"7",2009-01-01,2009-01-01,NA,200,NA,NA,NA,"FALSE","TRUE",1,NA,0,"point","years",FALSE,"start",FALSE,5,7,"40;49","Female",180,2008-01-01,2018-01-01,NA,NA,"SIDIAP"
2,"7",2010-01-01,2010-01-01,NA,215,NA,NA,NA,"FALSE","TRUE",1,NA,0,"point","years",FALSE,"start",FALSE,5,7,"40;49","Female",180,2008-01-01,2018-01-01,NA,NA,"SIDIAP"
2,"7",2011-01-01,2011-01-01,NA,181,NA,NA,NA,"FALSE","TRUE",1,NA,0,"point","years",FALSE,"start",FALSE,5,7,"40;49","Female",180,2008-01-01,2018-01-01,NA,NA,"SIDIAP"
2,"7",2012-01-01,2012-01-01,NA,203,NA,NA,NA,"FALSE","TRUE",1,NA,0,"point","years",FALSE,"start",FALSE,5,7,"40;49","Female",180,2008-01-01,2018-01-01,NA,NA,"SIDIAP"
2,"7",2013-01-01,2013-01-01,NA,205,NA,NA,NA,"FALSE","TRUE",1,NA,0,"point","years",FALSE,"start",FALSE,5,7,"40;49","Female",180,2008-01-01,2018-01-01,NA,NA,"SIDIAP"
2,"7",2014-01-01,2014-01-01,NA,200,NA,NA,NA,"FALSE","TRUE",1,NA,0,"point","years",FALSE,"start",FALSE,5,7,"40;49","Female",180,2008-01-01,2018-01-01,NA,NA,"SIDIAP"
2,"7",2015-01-01,2015-01-01,NA,203,NA,NA,NA,"FALSE","TRUE",1,NA,0,"point","years",FALSE,"start",FALSE,5,7,"40;49","Female",180,2008-01-01,2018-01-01,NA,NA,"SIDIAP"
2,"7",2016-01-01,2016-01-01,NA,180,NA,NA,NA,"FALSE","TRUE",1,NA,0,"point","years",FALSE,"start",FALSE,5,7,"40;49","Female",180,2008-01-01,2018-01-01,NA,NA,"SIDIAP"
2,"7",2017-01-01,2017-01-01,NA,184,NA,NA,NA,"FALSE","TRUE",1,NA,0,"point","years",FALSE,"start",FALSE,5,7,"40;49","Female",180,2008-01-01,2018-01-01,NA,NA,"SIDIAP"
2,"7",2018-01-01,2018-01-01,NA,174,NA,NA,NA,"FALSE","TRUE",1,NA,0,"point","years",FALSE,"start",FALSE,5,7,"40;49","Female",180,2008-01-01,2018-01-01,NA,NA,"SIDIAP"
2,"8",2008-01-01,2008-01-01,NA,178,NA,NA,NA,"FALSE","TRUE",1,NA,0,"point","years",FALSE,"start",FALSE,5,8,"40;49","Male",180,2008-01-01,2018-01-01,NA,NA,"SIDIAP"
2,"8",2009-01-01,2009-01-01,NA,183,NA,NA,NA,"FALSE","TRUE",1,NA,0,"point","years",FALSE,"start",FALSE,5,8,"40;49","Male",180,2008-01-01,2018-01-01,NA,NA,"SIDIAP"
2,"8",2010-01-01,2010-01-01,NA,190,NA,NA,NA,"FALSE","TRUE",1,NA,0,"point","years",FALSE,"start",FALSE,5,8,"40;49","Male",180,2008-01-01,2018-01-01,NA,NA,"SIDIAP"
2,"8",2011-01-01,2011-01-01,NA,179,NA,NA,NA,"FALSE","TRUE",1,NA,0,"point","years",FALSE,"start",FALSE,5,8,"40;49","Male",180,2008-01-01,2018-01-01,NA,NA,"SIDIAP"
2,"8",2012-01-01,2012-01-01,NA,200,NA,NA,NA,"FALSE","TRUE",1,NA,0,"point","years",FALSE,"start",FALSE,5,8,"40;49","Male",180,2008-01-01,2018-01-01,NA,NA,"SIDIAP"
2,"8",2013-01-01,2013-01-01,NA,196,NA,NA,NA,"FALSE","TRUE",1,NA,0,"point","years",FALSE,"start",FALSE,5,8,"40;49","Male",180,2008-01-01,2018-01-01,NA,NA,"SIDIAP"
2,"8",2014-01-01,2014-01-01,NA,204,NA,NA,NA,"FALSE","TRUE",1,NA,0,"point","years",FALSE,"start",FALSE,5,8,"40;49","Male",180,2008-01-01,2018-01-01,NA,NA,"SIDIAP"
2,"8",2015-01-01,2015-01-01,NA,201,NA,NA,NA,"FALSE","TRUE",1,NA,0,"point","years",FALSE,"start",FALSE,5,8,"40;49","Male",180,2008-01-01,2018-01-01,NA,NA,"SIDIAP"
2,"8",2016-01-01,2016-01-01,NA,182,NA,NA,NA,"FALSE","TRUE",1,NA,0,"point","years",FALSE,"start",FALSE,5,8,"40;49","Male",180,2008-01-01,2018-01-01,NA,NA,"SIDIAP"
2,"8",2017-01-01,2017-01-01,NA,196,NA,NA,NA,"FALSE","TRUE",1,NA,0,"point","years",FALSE,"start",FALSE,5,8,"40;49","Male",180,2008-01-01,2018-01-01,NA,NA,"SIDIAP"
2,"8",2018-01-01,2018-01-01,NA,187,NA,NA,NA,"FALSE","TRUE",1,NA,0,"point","years",FALSE,"start",FALSE,5,8,"40;49","Male",180,2008-01-01,2018-01-01,NA,NA,"SIDIAP"
2,"9",2008-01-01,2008-01-01,NA,359,NA,NA,NA,"FALSE","TRUE",1,NA,0,"point","years",FALSE,"start",FALSE,5,9,"40;49","Both",180,2008-01-01,2018-01-01,NA,NA,"SIDIAP"
2,"9",2009-01-01,2009-01-01,NA,383,NA,NA,NA,"FALSE","TRUE",1,NA,0,"point","years",FALSE,"start",FALSE,5,9,"40;49","Both",180,2008-01-01,2018-01-01,NA,NA,"SIDIAP"
2,"9",2010-01-01,2010-01-01,NA,405,NA,NA,NA,"FALSE","TRUE",1,NA,0,"point","years",FALSE,"start",FALSE,5,9,"40;49","Both",180,2008-01-01,2018-01-01,NA,NA,"SIDIAP"
2,"9",2011-01-01,2011-01-01,NA,360,NA,NA,NA,"FALSE","TRUE",1,NA,0,"point","years",FALSE,"start",FALSE,5,9,"40;49","Both",180,2008-01-01,2018-01-01,NA,NA,"SIDIAP"
2,"9",2012-01-01,2012-01-01,NA,403,NA,NA,NA,"FALSE","TRUE",1,NA,0,"point","years",FALSE,"start",FALSE,5,9,"40;49","Both",180,2008-01-01,2018-01-01,NA,NA,"SIDIAP"
2,"9",2013-01-01,2013-01-01,NA,401,NA,NA,NA,"FALSE","TRUE",1,NA,0,"point","years",FALSE,"start",FALSE,5,9,"40;49","Both",180,2008-01-01,2018-01-01,NA,NA,"SIDIAP"
2,"9",2014-01-01,2014-01-01,NA,404,NA,NA,NA,"FALSE","TRUE",1,NA,0,"point","years",FALSE,"start",FALSE,5,9,"40;49","Both",180,2008-01-01,2018-01-01,NA,NA,"SIDIAP"
2,"9",2015-01-01,2015-01-01,NA,404,NA,NA,NA,"FALSE","TRUE",1,NA,0,"point","years",FALSE,"start",FALSE,5,9,"40;49","Both",180,2008-01-01,2018-01-01,NA,NA,"SIDIAP"
2,"9",2016-01-01,2016-01-01,NA,362,NA,NA,NA,"FALSE","TRUE",1,NA,0,"point","years",FALSE,"start",FALSE,5,9,"40;49","Both",180,2008-01-01,2018-01-01,NA,NA,"SIDIAP"
2,"9",2017-01-01,2017-01-01,6,380,0.0157894736842105,0.00725602839088555,0.0340148100155885,"FALSE","FALSE",1,NA,0,"point","years",FALSE,"start",FALSE,5,9,"40;49","Both",180,2008-01-01,2018-01-01,NA,NA,"SIDIAP"
2,"9",2018-01-01,2018-01-01,NA,361,NA,NA,NA,"FALSE","TRUE",1,NA,0,"point","years",FALSE,"start",FALSE,5,9,"40;49","Both",180,2008-01-01,2018-01-01,NA,NA,"SIDIAP"
3,"1",2008-01-01,2008-12-31,125,410,0.304878048780488,0.262299120080591,0.351079393382161,"FALSE","FALSE",1,NA,0,"period","years",TRUE,"start",FALSE,0,1,"20;29","Female",180,2008-01-01,2018-01-01,NA,NA,"SIDIAP"
3,"1",2009-01-01,2009-12-31,104,406,0.25615763546798,0.21612095684287,0.300765400701975,"FALSE","FALSE",1,NA,0,"period","years",TRUE,"start",FALSE,0,1,"20;29","Female",180,2008-01-01,2018-01-01,NA,NA,"SIDIAP"
3,"1",2010-01-01,2010-12-31,113,375,0.301333333333333,0.25710009579916,0.349595537609532,"FALSE","FALSE",1,NA,0,"period","years",TRUE,"start",FALSE,0,1,"20;29","Female",180,2008-01-01,2018-01-01,NA,NA,"SIDIAP"
3,"1",2011-01-01,2011-12-31,109,386,0.282383419689119,0.239790531420712,0.329265052076704,"FALSE","FALSE",1,NA,0,"period","years",TRUE,"start",FALSE,0,1,"20;29","Female",180,2008-01-01,2018-01-01,NA,NA,"SIDIAP"
3,"1",2012-01-01,2012-12-31,98,376,0.26063829787234,0.218846400239942,0.307271679237607,"FALSE","FALSE",1,NA,0,"period","years",TRUE,"start",FALSE,0,1,"20;29","Female",180,2008-01-01,2018-01-01,NA,NA,"SIDIAP"
3,"1",2013-01-01,2013-12-31,102,375,0.272,0.229442885635827,0.319180962101666,"FALSE","FALSE",1,NA,0,"period","years",TRUE,"start",FALSE,0,1,"20;29","Female",180,2008-01-01,2018-01-01,NA,NA,"SIDIAP"
3,"1",2014-01-01,2014-12-31,128,386,0.33160621761658,0.286502248570245,0.380028857707518,"FALSE","FALSE",1,NA,0,"period","years",TRUE,"start",FALSE,0,1,"20;29","Female",180,2008-01-01,2018-01-01,NA,NA,"SIDIAP"
3,"1",2015-01-01,2015-12-31,124,425,0.291764705882353,0.25056619627944,0.336693859017576,"FALSE","FALSE",1,NA,0,"period","years",TRUE,"start",FALSE,0,1,"20;29","Female",180,2008-01-01,2018-01-01,NA,NA,"SIDIAP"
3,"1",2016-01-01,2016-12-31,112,410,0.273170731707317,0.232294313775501,0.318258208124949,"FALSE","FALSE",1,NA,0,"period","years",TRUE,"start",FALSE,0,1,"20;29","Female",180,2008-01-01,2018-01-01,NA,NA,"SIDIAP"
3,"1",2017-01-01,2017-12-31,116,386,0.300518134715026,0.256929198721662,0.348038419484303,"FALSE","FALSE",1,NA,0,"period","years",TRUE,"start",FALSE,0,1,"20;29","Female",180,2008-01-01,2018-01-01,NA,NA,"SIDIAP"
3,"10",2008-01-01,2008-12-31,101,397,0.254408060453401,0.214060640624768,0.299462734492904,"FALSE","FALSE",1,NA,0,"period","years",TRUE,"start",FALSE,0,10,"50;59","Female",180,2008-01-01,2018-01-01,NA,NA,"SIDIAP"
3,"10",2009-01-01,2009-12-31,116,378,0.306878306878307,0.26252159332826,0.355120764180752,"FALSE","FALSE",1,NA,0,"period","years",TRUE,"start",FALSE,0,10,"50;59","Female",180,2008-01-01,2018-01-01,NA,NA,"SIDIAP"
3,"10",2010-01-01,2010-12-31,114,378,0.301587301587302,0.257507160013605,0.34965964564634,"FALSE","FALSE",1,NA,0,"period","years",TRUE,"start",FALSE,0,10,"50;59","Female",180,2008-01-01,2018-01-01,NA,NA,"SIDIAP"
3,"10",2011-01-01,2011-12-31,110,380,0.289473684210526,0.24616193036708,0.336999303722691,"FALSE","FALSE",1,NA,0,"period","years",TRUE,"start",FALSE,0,10,"50;59","Female",180,2008-01-01,2018-01-01,NA,NA,"SIDIAP"
3,"10",2012-01-01,2012-12-31,116,390,0.297435897435897,0.254221651357265,0.344601691230613,"FALSE","FALSE",1,NA,0,"period","years",TRUE,"start",FALSE,0,10,"50;59","Female",180,2008-01-01,2018-01-01,NA,NA,"SIDIAP"
3,"10",2013-01-01,2013-12-31,106,400,0.265,0.224133717580354,0.310337060756765,"FALSE","FALSE",1,NA,0,"period","years",TRUE,"start",FALSE,0,10,"50;59","Female",180,2008-01-01,2018-01-01,NA,NA,"SIDIAP"
3,"10",2014-01-01,2014-12-31,91,380,0.239473684210526,0.199308323833888,0.284853703352204,"FALSE","FALSE",1,NA,0,"period","years",TRUE,"start",FALSE,0,10,"50;59","Female",180,2008-01-01,2018-01-01,NA,NA,"SIDIAP"
3,"10",2015-01-01,2015-12-31,115,396,0.29040404040404,0.24787719549338,0.336958252812541,"FALSE","FALSE",1,NA,0,"period","years",TRUE,"start",FALSE,0,10,"50;59","Female",180,2008-01-01,2018-01-01,NA,NA,"SIDIAP"
3,"10",2016-01-01,2016-12-31,107,381,0.280839895013123,0.238073961141686,0.327981108621968,"FALSE","FALSE",1,NA,0,"period","years",TRUE,"start",FALSE,0,10,"50;59","Female",180,2008-01-01,2018-01-01,NA,NA,"SIDIAP"
3,"10",2017-01-01,2017-12-31,120,380,0.315789473684211,0.271095128791104,0.364170951037446,"FALSE","FALSE",1,NA,0,"period","years",TRUE,"start",FALSE,0,10,"50;59","Female",180,2008-01-01,2018-01-01,NA,NA,"SIDIAP"
3,"11",2008-01-01,2008-12-31,104,383,0.27154046997389,0.229430932166303,0.318187359488639,"FALSE","FALSE",1,NA,0,"period","years",TRUE,"start",FALSE,0,11,"50;59","Male",180,2008-01-01,2018-01-01,NA,NA,"SIDIAP"
3,"11",2009-01-01,2009-12-31,103,376,0.273936170212766,0.23131454818902,0.321130304650887,"FALSE","FALSE",1,NA,0,"period","years",TRUE,"start",FALSE,0,11,"50;59","Male",180,2008-01-01,2018-01-01,NA,NA,"SIDIAP"
3,"11",2010-01-01,2010-12-31,104,377,0.275862068965517,0.233177753149194,0.323068038673676,"FALSE","FALSE",1,NA,0,"period","years",TRUE,"start",FALSE,0,11,"50;59","Male",180,2008-01-01,2018-01-01,NA,NA,"SIDIAP"
3,"11",2011-01-01,2011-12-31,108,371,0.291105121293801,0.247208586304511,0.33928325884076,"FALSE","FALSE",1,NA,0,"period","years",TRUE,"start",FALSE,0,11,"50;59","Male",180,2008-01-01,2018-01-01,NA,NA,"SIDIAP"
3,"11",2012-01-01,2012-12-31,115,380,0.302631578947368,0.258606475544428,0.350607181414733,"FALSE","FALSE",1,NA,0,"period","years",TRUE,"start",FALSE,0,11,"50;59","Male",180,2008-01-01,2018-01-01,NA,NA,"SIDIAP"
3,"11",2013-01-01,2013-12-31,104,356,0.292134831460674,0.247316485251399,0.34139127375714,"FALSE","FALSE",1,NA,0,"period","years",TRUE,"start",FALSE,0,11,"50;59","Male",180,2008-01-01,2018-01-01,NA,NA,"SIDIAP"
3,"11",2014-01-01,2014-12-31,103,356,0.289325842696629,0.244669658043311,0.338480097708586,"FALSE","FALSE",1,NA,0,"period","years",TRUE,"start",FALSE,0,11,"50;59","Male",180,2008-01-01,2018-01-01,NA,NA,"SIDIAP"
3,"11",2015-01-01,2015-12-31,115,365,0.315068493150685,0.269547144324984,0.364441940221968,"FALSE","FALSE",1,NA,0,"period","years",TRUE,"start",FALSE,0,11,"50;59","Male",180,2008-01-01,2018-01-01,NA,NA,"SIDIAP"
3,"11",2016-01-01,2016-12-31,108,389,0.277634961439589,0.235471221351466,0.32414756094472,"FALSE","FALSE",1,NA,0,"period","years",TRUE,"start",FALSE,0,11,"50;59","Male",180,2008-01-01,2018-01-01,NA,NA,"SIDIAP"
3,"11",2017-01-01,2017-12-31,134,404,0.331683168316832,0.287547455619979,0.378989633588032,"FALSE","FALSE",1,NA,0,"period","years",TRUE,"start",FALSE,0,11,"50;59","Male",180,2008-01-01,2018-01-01,NA,NA,"SIDIAP"
3,"12",2008-01-01,2008-12-31,205,780,0.262820512820513,0.233146816555342,0.294818952751282,"FALSE","FALSE",1,NA,0,"period","years",TRUE,"start",FALSE,0,12,"50;59","Both",180,2008-01-01,2018-01-01,NA,NA,"SIDIAP"
3,"12",2009-01-01,2009-12-31,219,754,0.290450928381963,0.259174544260741,0.323851699128292,"FALSE","FALSE",1,NA,0,"period","years",TRUE,"start",FALSE,0,12,"50;59","Both",180,2008-01-01,2018-01-01,NA,NA,"SIDIAP"
3,"12",2010-01-01,2010-12-31,218,755,0.288741721854305,0.257550024275185,0.322072311468366,"FALSE","FALSE",1,NA,0,"period","years",TRUE,"start",FALSE,0,12,"50;59","Both",180,2008-01-01,2018-01-01,NA,NA,"SIDIAP"
3,"12",2011-01-01,2011-12-31,218,751,0.290279627163782,0.25894968007229,0.323744147460539,"FALSE","FALSE",1,NA,0,"period","years",TRUE,"start",FALSE,0,12,"50;59","Both",180,2008-01-01,2018-01-01,NA,NA,"SIDIAP"
3,"12",2012-01-01,2012-12-31,231,770,0.3,0.268690266407294,0.333295390358395,"FALSE","FALSE",1,NA,0,"period","years",TRUE,"start",FALSE,0,12,"50;59","Both",180,2008-01-01,2018-01-01,NA,NA,"SIDIAP"
3,"12",2013-01-01,2013-12-31,210,756,0.277777777777778,0.247034271160467,0.310768220267829,"FALSE","FALSE",1,NA,0,"period","years",TRUE,"start",FALSE,0,12,"50;59","Both",180,2008-01-01,2018-01-01,NA,NA,"SIDIAP"
3,"12",2014-01-01,2014-12-31,194,736,0.263586956521739,0.233043845466552,0.296585109695394,"FALSE","FALSE",1,NA,0,"period","years",TRUE,"start",FALSE,0,12,"50;59","Both",180,2008-01-01,2018-01-01,NA,NA,"SIDIAP"
3,"12",2015-01-01,2015-12-31,230,761,0.302233902759527,0.270666693101191,0.3357876948917,"FALSE","FALSE",1,NA,0,"period","years",TRUE,"start",FALSE,0,12,"50;59","Both",180,2008-01-01,2018-01-01,NA,NA,"SIDIAP"
3,"12",2016-01-01,2016-12-31,215,770,0.279220779220779,0.248689757876415,0.311943759332462,"FALSE","FALSE",1,NA,0,"period","years",TRUE,"start",FALSE,0,12,"50;59","Both",180,2008-01-01,2018-01-01,NA,NA,"SIDIAP"
3,"12",2017-01-01,2017-12-31,254,784,0.323979591836735,0.292147688010771,0.357528021600729,"FALSE","FALSE",1,NA,0,"period","years",TRUE,"start",FALSE,0,12,"50;59","Both",180,2008-01-01,2018-01-01,NA,NA,"SIDIAP"
3,"13",2008-01-01,2008-12-31,91,364,0.25,0.208283337498276,0.296938285470774,"FALSE","FALSE",1,NA,0,"period","years",TRUE,"start",FALSE,0,13,"60;69","Female",180,2008-01-01,2018-01-01,NA,NA,"SIDIAP"
3,"13",2009-01-01,2009-12-31,105,378,0.277777777777778,0.23503254632651,0.324994276012628,"FALSE","FALSE",1,NA,0,"period","years",TRUE,"start",FALSE,0,13,"60;69","Female",180,2008-01-01,2018-01-01,NA,NA,"SIDIAP"
3,"13",2010-01-01,2010-12-31,120,407,0.294840294840295,0.252626058690162,0.340891108541773,"FALSE","FALSE",1,NA,0,"period","years",TRUE,"start",FALSE,0,13,"60;69","Female",180,2008-01-01,2018-01-01,NA,NA,"SIDIAP"
3,"13",2011-01-01,2011-12-31,104,389,0.267352185089974,0.22580287642055,0.31345145650205,"FALSE","FALSE",1,NA,0,"period","years",TRUE,"start",FALSE,0,13,"60;69","Female",180,2008-01-01,2018-01-01,NA,NA,"SIDIAP"
3,"13",2012-01-01,2012-12-31,100,378,0.264550264550265,0.22261336283727,0.311224579879197,"FALSE","FALSE",1,NA,0,"period","years",TRUE,"start",FALSE,0,13,"60;69","Female",180,2008-01-01,2018-01-01,NA,NA,"SIDIAP"
3,"13",2013-01-01,2013-12-31,111,387,0.286821705426357,0.244029357875502,0.333804578939023,"FALSE","FALSE",1,NA,0,"period","years",TRUE,"start",FALSE,0,13,"60;69","Female",180,2008-01-01,2018-01-01,NA,NA,"SIDIAP"
3,"13",2014-01-01,2014-12-31,108,393,0.274809160305344,0.23301304467613,0.320965008609945,"FALSE","FALSE",1,NA,0,"period","years",TRUE,"start",FALSE,0,13,"60;69","Female",180,2008-01-01,2018-01-01,NA,NA,"SIDIAP"
3,"13",2015-01-01,2015-12-31,118,398,0.296482412060302,0.253731880550154,0.343124052445336,"FALSE","FALSE",1,NA,0,"period","years",TRUE,"start",FALSE,0,13,"60;69","Female",180,2008-01-01,2018-01-01,NA,NA,"SIDIAP"
3,"13",2016-01-01,2016-12-31,112,386,0.290155440414508,0.247125147257528,0.337321308257838,"FALSE","FALSE",1,NA,0,"period","years",TRUE,"start",FALSE,0,13,"60;69","Female",180,2008-01-01,2018-01-01,NA,NA,"SIDIAP"
3,"13",2017-01-01,2017-12-31,87,367,0.237057220708447,0.196411452869734,0.283150512467811,"FALSE","FALSE",1,NA,0,"period","years",TRUE,"start",FALSE,0,13,"60;69","Female",180,2008-01-01,2018-01-01,NA,NA,"SIDIAP"
3,"14",2008-01-01,2008-12-31,98,381,0.257217847769029,0.215903562161406,0.303379000151623,"FALSE","FALSE",1,NA,0,"period","years",TRUE,"start",FALSE,0,14,"60;69","Male",180,2008-01-01,2018-01-01,NA,NA,"SIDIAP"
3,"14",2009-01-01,2009-12-31,107,347,0.30835734870317,0.262086405078107,0.358824987643092,"FALSE","FALSE",1,NA,0,"period","years",TRUE,"start",FALSE,0,14,"60;69","Male",180,2008-01-01,2018-01-01,NA,NA,"SIDIAP"
3,"14",2010-01-01,2010-12-31,116,392,0.295918367346939,0.252889222150096,0.342908548814375,"FALSE","FALSE",1,NA,0,"period","years",TRUE,"start",FALSE,0,14,"60;69","Male",180,2008-01-01,2018-01-01,NA,NA,"SIDIAP"
3,"14",2011-01-01,2011-12-31,127,397,0.319899244332494,0.275930620075057,0.367319855011236,"FALSE","FALSE",1,NA,0,"period","years",TRUE,"start",FALSE,0,14,"60;69","Male",180,2008-01-01,2018-01-01,NA,NA,"SIDIAP"
3,"14",2012-01-01,2012-12-31,120,404,0.297029702970297,0.254552619469284,0.343330341046258,"FALSE","FALSE",1,NA,0,"period","years",TRUE,"start",FALSE,0,14,"60;69","Male",180,2008-01-01,2018-01-01,NA,NA,"SIDIAP"
3,"14",2013-01-01,2013-12-31,118,395,0.29873417721519,0.255711697585571,0.345633657859333,"FALSE","FALSE",1,NA,0,"period","years",TRUE,"start",FALSE,0,14,"60;69","Male",180,2008-01-01,2018-01-01,NA,NA,"SIDIAP"
3,"14",2014-01-01,2014-12-31,118,410,0.28780487804878,0.246110719660659,0.333438413730084,"FALSE","FALSE",1,NA,0,"period","years",TRUE,"start",FALSE,0,14,"60;69","Male",180,2008-01-01,2018-01-01,NA,NA,"SIDIAP"
3,"14",2015-01-01,2015-12-31,117,430,0.272093023255814,0.232185084755132,0.316036976518624,"FALSE","FALSE",1,NA,0,"period","years",TRUE,"start",FALSE,0,14,"60;69","Male",180,2008-01-01,2018-01-01,NA,NA,"SIDIAP"
3,"14",2016-01-01,2016-12-31,110,391,0.281329923273657,0.239054776618269,0.327860003529845,"FALSE","FALSE",1,NA,0,"period","years",TRUE,"start",FALSE,0,14,"60;69","Male",180,2008-01-01,2018-01-01,NA,NA,"SIDIAP"
3,"14",2017-01-01,2017-12-31,92,358,0.256983240223464,0.214465705008256,0.304660708623015,"FALSE","FALSE",1,NA,0,"period","years",TRUE,"start",FALSE,0,14,"60;69","Male",180,2008-01-01,2018-01-01,NA,NA,"SIDIAP"
3,"15",2008-01-01,2008-12-31,189,745,0.253691275167785,0.223764343596567,0.286145269877604,"FALSE","FALSE",1,NA,0,"period","years",TRUE,"start",FALSE,0,15,"60;69","Both",180,2008-01-01,2018-01-01,NA,NA,"SIDIAP"
3,"15",2009-01-01,2009-12-31,212,725,0.292413793103448,0.260466508169784,0.326549301157207,"FALSE","FALSE",1,NA,0,"period","years",TRUE,"start",FALSE,0,15,"60;69","Both",180,2008-01-01,2018-01-01,NA,NA,"SIDIAP"
3,"15",2010-01-01,2010-12-31,236,799,0.295369211514393,0.264776083001205,0.327920586550047,"FALSE","FALSE",1,NA,0,"period","years",TRUE,"start",FALSE,0,15,"60;69","Both",180,2008-01-01,2018-01-01,NA,NA,"SIDIAP"
3,"15",2011-01-01,2011-12-31,231,786,0.293893129770992,0.263110406204602,0.326680688727586,"FALSE","FALSE",1,NA,0,"period","years",TRUE,"start",FALSE,0,15,"60;69","Both",180,2008-01-01,2018-01-01,NA,NA,"SIDIAP"
3,"15",2012-01-01,2012-12-31,220,782,0.281329923273657,0.250942800808671,0.313854912316268,"FALSE","FALSE",1,NA,0,"period","years",TRUE,"start",FALSE,0,15,"60;69","Both",180,2008-01-01,2018-01-01,NA,NA,"SIDIAP"
3,"15",2013-01-01,2013-12-31,229,782,0.292838874680307,0.262018806591061,0.325684290053618,"FALSE","FALSE",1,NA,0,"period","years",TRUE,"start",FALSE,0,15,"60;69","Both",180,2008-01-01,2018-01-01,NA,NA,"SIDIAP"
3,"15",2014-01-01,2014-12-31,226,803,0.281444582814446,0.251437792428133,0.313532504818326,"FALSE","FALSE",1,NA,0,"period","years",TRUE,"start",FALSE,0,15,"60;69","Both",180,2008-01-01,2018-01-01,NA,NA,"SIDIAP"
3,"15",2015-01-01,2015-12-31,235,828,0.283816425120773,0.254160620708698,0.315468908808215,"FALSE","FALSE",1,NA,0,"period","years",TRUE,"start",FALSE,0,15,"60;69","Both",180,2008-01-01,2018-01-01,NA,NA,"SIDIAP"
3,"15",2016-01-01,2016-12-31,222,777,0.285714285714286,0.255064874526664,0.318472114015248,"FALSE","FALSE",1,NA,0,"period","years",TRUE,"start",FALSE,0,15,"60;69","Both",180,2008-01-01,2018-01-01,NA,NA,"SIDIAP"
3,"15",2017-01-01,2017-12-31,179,725,0.246896551724138,0.216896964544346,0.279564171744709,"FALSE","FALSE",1,NA,0,"period","years",TRUE,"start",FALSE,0,15,"60;69","Both",180,2008-01-01,2018-01-01,NA,NA,"SIDIAP"
3,"16",2008-01-01,2008-12-31,831,2906,0.285960082587749,0.269821948839324,0.302663350581707,"FALSE","FALSE",1,NA,0,"period","years",TRUE,"start",FALSE,0,16,"0;99","Female",180,2008-01-01,2018-01-01,NA,NA,"SIDIAP"
3,"16",2009-01-01,2009-12-31,902,2987,0.301975225979243,0.285773567718472,0.318685573199528,"FALSE","FALSE",1,NA,0,"period","years",TRUE,"start",FALSE,0,16,"0;99","Female",180,2008-01-01,2018-01-01,NA,NA,"SIDIAP"
3,"16",2010-01-01,2010-12-31,935,3035,0.308072487644152,0.291897938397479,0.324732275522233,"FALSE","FALSE",1,NA,0,"period","years",TRUE,"start",FALSE,0,16,"0;99","Female",180,2008-01-01,2018-01-01,NA,NA,"SIDIAP"
3,"16",2011-01-01,2011-12-31,882,3009,0.293120638085743,0.277128441646509,0.309640388702989,"FALSE","FALSE",1,NA,0,"period","years",TRUE,"start",FALSE,0,16,"0;99","Female",180,2008-01-01,2018-01-01,NA,NA,"SIDIAP"
3,"16",2012-01-01,2012-12-31,848,2938,0.288631722260041,0.272531289843533,0.305284164393118,"FALSE","FALSE",1,NA,0,"period","years",TRUE,"start",FALSE,0,16,"0;99","Female",180,2008-01-01,2018-01-01,NA,NA,"SIDIAP"
3,"16",2013-01-01,2013-12-31,882,2942,0.299796057104011,0.283509997741725,0.316604259435038,"FALSE","FALSE",1,NA,0,"period","years",TRUE,"start",FALSE,0,16,"0;99","Female",180,2008-01-01,2018-01-01,NA,NA,"SIDIAP"
3,"16",2014-01-01,2014-12-31,879,2950,0.297966101694915,0.281733095862219,0.314724596056053,"FALSE","FALSE",1,NA,0,"period","years",TRUE,"start",FALSE,0,16,"0;99","Female",180,2008-01-01,2018-01-01,NA,NA,"SIDIAP"
3,"16",2015-01-01,2015-12-31,925,3003,0.308025308025308,0.29176695425563,0.324774185079261,"FALSE","FALSE",1,NA,0,"period","years",TRUE,"start",FALSE,0,16,"0;99","Female",180,2008-01-01,2018-01-01,NA,NA,"SIDIAP"
3,"16",2016-01-01,2016-12-31,874,2904,0.300964187327824,0.284553739131185,0.317900515555442,"FALSE","FALSE",1,NA,0,"period","years",TRUE,"start",FALSE,0,16,"0;99","Female",180,2008-01-01,2018-01-01,NA,NA,"SIDIAP"
3,"16",2017-01-01,2017-12-31,865,2902,0.298070296347347,0.281704103425244,0.314970382568344,"FALSE","FALSE",1,NA,0,"period","years",TRUE,"start",FALSE,0,16,"0;99","Female",180,2008-01-01,2018-01-01,NA,NA,"SIDIAP"
3,"17",2008-01-01,2008-12-31,836,2849,0.293436293436293,0.277003455559295,0.310425422985345,"FALSE","FALSE",1,NA,0,"period","years",TRUE,"start",FALSE,0,17,"0;99","Male",180,2008-01-01,2018-01-01,NA,NA,"SIDIAP"
3,"17",2009-01-01,2009-12-31,869,2843,0.305663032008442,0.289000401576672,0.322850129623001,"FALSE","FALSE",1,NA,0,"period","years",TRUE,"start",FALSE,0,17,"0;99","Male",180,2008-01-01,2018-01-01,NA,NA,"SIDIAP"
3,"17",2010-01-01,2010-12-31,856,2903,0.294867378573889,0.278560003483588,0.311716928756402,"FALSE","FALSE",1,NA,0,"period","years",TRUE,"start",FALSE,0,17,"0;99","Male",180,2008-01-01,2018-01-01,NA,NA,"SIDIAP"
3,"17",2011-01-01,2011-12-31,885,2896,0.305593922651934,0.289083067454109,0.322619842518796,"FALSE","FALSE",1,NA,0,"period","years",TRUE,"start",FALSE,0,17,"0;99","Male",180,2008-01-01,2018-01-01,NA,NA,"SIDIAP"
3,"17",2012-01-01,2012-12-31,894,2938,0.30428863172226,0.287915917849598,0.321172465702858,"FALSE","FALSE",1,NA,0,"period","years",TRUE,"start",FALSE,0,17,"0;99","Male",180,2008-01-01,2018-01-01,NA,NA,"SIDIAP"
3,"17",2013-01-01,2013-12-31,845,2866,0.29483600837404,0.278426128877804,0.311795137044232,"FALSE","FALSE",1,NA,0,"period","years",TRUE,"start",FALSE,0,17,"0;99","Male",180,2008-01-01,2018-01-01,NA,NA,"SIDIAP"
3,"17",2014-01-01,2014-12-31,877,2894,0.303040774015204,0.286567171200031,0.320036566029978,"FALSE","FALSE",1,NA,0,"period","years",TRUE,"start",FALSE,0,17,"0;99","Male",180,2008-01-01,2018-01-01,NA,NA,"SIDIAP"
3,"17",2015-01-01,2015-12-31,874,2942,0.297076818490823,0.280837499143962,0.313845372731298,"FALSE","FALSE",1,NA,0,"period","years",TRUE,"start",FALSE,0,17,"0;99","Male",180,2008-01-01,2018-01-01,NA,NA,"SIDIAP"
3,"17",2016-01-01,2016-12-31,876,2956,0.296346414073072,0.280157572273076,0.313063883419447,"FALSE","FALSE",1,NA,0,"period","years",TRUE,"start",FALSE,0,17,"0;99","Male",180,2008-01-01,2018-01-01,NA,NA,"SIDIAP"
3,"17",2017-01-01,2017-12-31,859,2835,0.30299823633157,0.286357738993452,0.320171890715415,"FALSE","FALSE",1,NA,0,"period","years",TRUE,"start",FALSE,0,17,"0;99","Male",180,2008-01-01,2018-01-01,NA,NA,"SIDIAP"
3,"18",2008-01-01,2008-12-31,1667,5755,0.289661164205039,0.278085195724376,0.301517747452362,"FALSE","FALSE",1,NA,0,"period","years",TRUE,"start",FALSE,0,18,"0;99","Both",180,2008-01-01,2018-01-01,NA,NA,"SIDIAP"
3,"18",2009-01-01,2009-12-31,1771,5830,0.30377358490566,0.292101028071663,0.315704563466898,"FALSE","FALSE",1,NA,0,"period","years",TRUE,"start",FALSE,0,18,"0;99","Both",180,2008-01-01,2018-01-01,NA,NA,"SIDIAP"
3,"18",2010-01-01,2010-12-31,1791,5938,0.301616705961603,0.290074491098802,0.313415434317753,"FALSE","FALSE",1,NA,0,"period","years",TRUE,"start",FALSE,0,18,"0;99","Both",180,2008-01-01,2018-01-01,NA,NA,"SIDIAP"
3,"18",2011-01-01,2011-12-31,1767,5905,0.299237933954276,0.287691819387929,0.311045087580427,"FALSE","FALSE",1,NA,0,"period","years",TRUE,"start",FALSE,0,18,"0;99","Both",180,2008-01-01,2018-01-01,NA,NA,"SIDIAP"
3,"18",2012-01-01,2012-12-31,1742,5876,0.29646017699115,0.284919120211308,0.308267189869958,"FALSE","FALSE",1,NA,0,"period","years",TRUE,"start",FALSE,0,18,"0;99","Both",180,2008-01-01,2018-01-01,NA,NA,"SIDIAP"
3,"18",2013-01-01,2013-12-31,1727,5808,0.297348484848485,0.285730147567333,0.309234715690025,"FALSE","FALSE",1,NA,0,"period","years",TRUE,"start",FALSE,0,18,"0;99","Both",180,2008-01-01,2018-01-01,NA,NA,"SIDIAP"
3,"18",2014-01-01,2014-12-31,1756,5844,0.300479123887748,0.288858919624412,0.31236145948103,"FALSE","FALSE",1,NA,0,"period","years",TRUE,"start",FALSE,0,18,"0;99","Both",180,2008-01-01,2018-01-01,NA,NA,"SIDIAP"
3,"18",2015-01-01,2015-12-31,1799,5945,0.302607232968881,0.291060256591397,0.314409141736581,"FALSE","FALSE",1,NA,0,"period","years",TRUE,"start",FALSE,0,18,"0;99","Both",180,2008-01-01,2018-01-01,NA,NA,"SIDIAP"
3,"18",2016-01-01,2016-12-31,1750,5860,0.298634812286689,0.28705214544156,0.310481311666158,"FALSE","FALSE",1,NA,0,"period","years",TRUE,"start",FALSE,0,18,"0;99","Both",180,2008-01-01,2018-01-01,NA,NA,"SIDIAP"
3,"18",2017-01-01,2017-12-31,1724,5737,0.300505490674569,0.288778394537387,0.312499568559295,"FALSE","FALSE",1,NA,0,"period","years",TRUE,"start",FALSE,0,18,"0;99","Both",180,2008-01-01,2018-01-01,NA,NA,"SIDIAP"
3,"2",2008-01-01,2008-12-31,102,340,0.3,0.25374577146389,0.350723100712106,"FALSE","FALSE",1,NA,0,"period","years",TRUE,"start",FALSE,0,2,"20;29","Male",180,2008-01-01,2018-01-01,NA,NA,"SIDIAP"
3,"2",2009-01-01,2009-12-31,118,365,0.323287671232877,0.277358979037644,0.372897257307221,"FALSE","FALSE",1,NA,0,"period","years",TRUE,"start",FALSE,0,2,"20;29","Male",180,2008-01-01,2018-01-01,NA,NA,"SIDIAP"
3,"2",2010-01-01,2010-12-31,97,365,0.265753424657534,0.223046630710753,0.313339543048719,"FALSE","FALSE",1,NA,0,"period","years",TRUE,"start",FALSE,0,2,"20;29","Male",180,2008-01-01,2018-01-01,NA,NA,"SIDIAP"
3,"2",2011-01-01,2011-12-31,118,423,0.278959810874705,0.238355985160323,0.323542241603647,"FALSE","FALSE",1,NA,0,"period","years",TRUE,"start",FALSE,0,2,"20;29","Male",180,2008-01-01,2018-01-01,NA,NA,"SIDIAP"
3,"2",2012-01-01,2012-12-31,104,395,0.263291139240506,0.222288013778718,0.308854008033841,"FALSE","FALSE",1,NA,0,"period","years",TRUE,"start",FALSE,0,2,"20;29","Male",180,2008-01-01,2018-01-01,NA,NA,"SIDIAP"
3,"2",2013-01-01,2013-12-31,96,351,0.273504273504274,0.229511642723245,0.32240091978162,"FALSE","FALSE",1,NA,0,"period","years",TRUE,"start",FALSE,0,2,"20;29","Male",180,2008-01-01,2018-01-01,NA,NA,"SIDIAP"
3,"2",2014-01-01,2014-12-31,109,375,0.290666666666667,0.247016285329824,0.338562335107523,"FALSE","FALSE",1,NA,0,"period","years",TRUE,"start",FALSE,0,2,"20;29","Male",180,2008-01-01,2018-01-01,NA,NA,"SIDIAP"
3,"2",2015-01-01,2015-12-31,114,373,0.305630026809651,0.261057516497907,0.354165287134766,"FALSE","FALSE",1,NA,0,"period","years",TRUE,"start",FALSE,0,2,"20;29","Male",180,2008-01-01,2018-01-01,NA,NA,"SIDIAP"
3,"2",2016-01-01,2016-12-31,99,375,0.264,0.221941131598007,0.310844956410977,"FALSE","FALSE",1,NA,0,"period","years",TRUE,"start",FALSE,0,2,"20;29","Male",180,2008-01-01,2018-01-01,NA,NA,"SIDIAP"
3,"2",2017-01-01,2017-12-31,116,389,0.298200514138817,0.254893159543462,0.345454521499898,"FALSE","FALSE",1,NA,0,"period","years",TRUE,"start",FALSE,0,2,"20;29","Male",180,2008-01-01,2018-01-01,NA,NA,"SIDIAP"
3,"3",2008-01-01,2008-12-31,227,750,0.302666666666667,0.270861610289387,0.336482882990326,"FALSE","FALSE",1,NA,0,"period","years",TRUE,"start",FALSE,0,3,"20;29","Both",180,2008-01-01,2018-01-01,NA,NA,"SIDIAP"
3,"3",2009-01-01,2009-12-31,222,771,0.287937743190661,0.257089439572238,0.320888743864548,"FALSE","FALSE",1,NA,0,"period","years",TRUE,"start",FALSE,0,3,"20;29","Both",180,2008-01-01,2018-01-01,NA,NA,"SIDIAP"
3,"3",2010-01-01,2010-12-31,210,740,0.283783783783784,0.252482748940474,0.317318051747167,"FALSE","FALSE",1,NA,0,"period","years",TRUE,"start",FALSE,0,3,"20;29","Both",180,2008-01-01,2018-01-01,NA,NA,"SIDIAP"
3,"3",2011-01-01,2011-12-31,227,809,0.280593325092707,0.250726164147685,0.312534301780013,"FALSE","FALSE",1,NA,0,"period","years",TRUE,"start",FALSE,0,3,"20;29","Both",180,2008-01-01,2018-01-01,NA,NA,"SIDIAP"
3,"3",2012-01-01,2012-12-31,202,771,0.261997405966278,0.232193589418071,0.294161130218934,"FALSE","FALSE",1,NA,0,"period","years",TRUE,"start",FALSE,0,3,"20;29","Both",180,2008-01-01,2018-01-01,NA,NA,"SIDIAP"
3,"3",2013-01-01,2013-12-31,198,726,0.272727272727273,0.24159063787225,0.306256369156884,"FALSE","FALSE",1,NA,0,"period","years",TRUE,"start",FALSE,0,3,"20;29","Both",180,2008-01-01,2018-01-01,NA,NA,"SIDIAP"
3,"3",2014-01-01,2014-12-31,237,761,0.311432325886991,0.279547344242952,0.345211490820037,"FALSE","FALSE",1,NA,0,"period","years",TRUE,"start",FALSE,0,3,"20;29","Both",180,2008-01-01,2018-01-01,NA,NA,"SIDIAP"
3,"3",2015-01-01,2015-12-31,238,798,0.298245614035088,0.26753214198905,0.330892214275117,"FALSE","FALSE",1,NA,0,"period","years",TRUE,"start",FALSE,0,3,"20;29","Both",180,2008-01-01,2018-01-01,NA,NA,"SIDIAP"
3,"3",2016-01-01,2016-12-31,211,785,0.268789808917197,0.238958080758043,0.300873407634213,"FALSE","FALSE",1,NA,0,"period","years",TRUE,"start",FALSE,0,3,"20;29","Both",180,2008-01-01,2018-01-01,NA,NA,"SIDIAP"
3,"3",2017-01-01,2017-12-31,232,775,0.299354838709677,0.268165571709186,0.332523379196291,"FALSE","FALSE",1,NA,0,"period","years",TRUE,"start",FALSE,0,3,"20;29","Both",180,2008-01-01,2018-01-01,NA,NA,"SIDIAP"
3,"4",2008-01-01,2008-12-31,115,388,0.29639175257732,0.253127884498129,0.343647810254732,"FALSE","FALSE",1,NA,0,"period","years",TRUE,"start",FALSE,0,4,"30;39","Female",180,2008-01-01,2018-01-01,NA,NA,"SIDIAP"
3,"4",2009-01-01,2009-12-31,135,421,0.320665083135392,0.277875485317049,0.366697809344077,"FALSE","FALSE",1,NA,0,"period","years",TRUE,"start",FALSE,0,4,"30;39","Female",180,2008-01-01,2018-01-01,NA,NA,"SIDIAP"
3,"4",2010-01-01,2010-12-31,115,427,0.269320843091335,0.229439340496688,0.313315898195449,"FALSE","FALSE",1,NA,0,"period","years",TRUE,"start",FALSE,0,4,"30;39","Female",180,2008-01-01,2018-01-01,NA,NA,"SIDIAP"
3,"4",2011-01-01,2011-12-31,93,385,0.241558441558442,0.201491528301274,0.286731768145712,"FALSE","FALSE",1,NA,0,"period","years",TRUE,"start",FALSE,0,4,"30;39","Female",180,2008-01-01,2018-01-01,NA,NA,"SIDIAP"
3,"4",2012-01-01,2012-12-31,99,368,0.269021739130435,0.226271974409109,0.316543932834909,"FALSE","FALSE",1,NA,0,"period","years",TRUE,"start",FALSE,0,4,"30;39","Female",180,2008-01-01,2018-01-01,NA,NA,"SIDIAP"
3,"4",2013-01-01,2013-12-31,113,338,0.334319526627219,0.286137568537305,0.386225168310401,"FALSE","FALSE",1,NA,0,"period","years",TRUE,"start",FALSE,0,4,"30;39","Female",180,2008-01-01,2018-01-01,NA,NA,"SIDIAP"
3,"4",2014-01-01,2014-12-31,112,401,0.27930174563591,0.23764196642034,0.325149847156258,"FALSE","FALSE",1,NA,0,"period","years",TRUE,"start",FALSE,0,4,"30;39","Female",180,2008-01-01,2018-01-01,NA,NA,"SIDIAP"
3,"4",2015-01-01,2015-12-31,112,426,0.262910798122066,0.223359947107756,0.306699343696338,"FALSE","FALSE",1,NA,0,"period","years",TRUE,"start",FALSE,0,4,"30;39","Female",180,2008-01-01,2018-01-01,NA,NA,"SIDIAP"
3,"4",2016-01-01,2016-12-31,113,377,0.29973474801061,0.255697958309635,0.347811595330918,"FALSE","FALSE",1,NA,0,"period","years",TRUE,"start",FALSE,0,4,"30;39","Female",180,2008-01-01,2018-01-01,NA,NA,"SIDIAP"
3,"4",2017-01-01,2017-12-31,108,379,0.284960422163588,0.241850297057229,0.332385992549164,"FALSE","FALSE",1,NA,0,"period","years",TRUE,"start",FALSE,0,4,"30;39","Female",180,2008-01-01,2018-01-01,NA,NA,"SIDIAP"
3,"5",2008-01-01,2008-12-31,117,389,0.300771208226221,0.257328621130716,0.348110172256041,"FALSE","FALSE",1,NA,0,"period","years",TRUE,"start",FALSE,0,5,"30;39","Male",180,2008-01-01,2018-01-01,NA,NA,"SIDIAP"
3,"5",2009-01-01,2009-12-31,107,381,0.280839895013123,0.238073961141686,0.327981108621968,"FALSE","FALSE",1,NA,0,"period","years",TRUE,"start",FALSE,0,5,"30;39","Male",180,2008-01-01,2018-01-01,NA,NA,"SIDIAP"
3,"5",2010-01-01,2010-12-31,101,378,0.267195767195767,0.225093242087023,0.313982476553979,"FALSE","FALSE",1,NA,0,"period","years",TRUE,"start",FALSE,0,5,"30;39","Male",180,2008-01-01,2018-01-01,NA,NA,"SIDIAP"
3,"5",2011-01-01,2011-12-31,100,354,0.282485875706215,0.23811629152981,0.331525525526481,"FALSE","FALSE",1,NA,0,"period","years",TRUE,"start",FALSE,0,5,"30;39","Male",180,2008-01-01,2018-01-01,NA,NA,"SIDIAP"
3,"5",2012-01-01,2012-12-31,101,364,0.277472527472527,0.233980736072342,0.32561213711989,"FALSE","FALSE",1,NA,0,"period","years",TRUE,"start",FALSE,0,5,"30;39","Male",180,2008-01-01,2018-01-01,NA,NA,"SIDIAP"
3,"5",2013-01-01,2013-12-31,115,377,0.305039787798409,0.260722766737282,0.353289845084978,"FALSE","FALSE",1,NA,0,"period","years",TRUE,"start",FALSE,0,5,"30;39","Male",180,2008-01-01,2018-01-01,NA,NA,"SIDIAP"
3,"5",2014-01-01,2014-12-31,100,379,0.263852242744063,0.22201119085478,0.310432341903161,"FALSE","FALSE",1,NA,0,"period","years",TRUE,"start",FALSE,0,5,"30;39","Male",180,2008-01-01,2018-01-01,NA,NA,"SIDIAP"
3,"5",2015-01-01,2015-12-31,113,374,0.302139037433155,0.257806963442523,0.350494358328961,"FALSE","FALSE",1,NA,0,"period","years",TRUE,"start",FALSE,0,5,"30;39","Male",180,2008-01-01,2018-01-01,NA,NA,"SIDIAP"
3,"5",2016-01-01,2016-12-31,110,396,0.277777777777778,0.235958476643236,0.323867058910029,"FALSE","FALSE",1,NA,0,"period","years",TRUE,"start",FALSE,0,5,"30;39","Male",180,2008-01-01,2018-01-01,NA,NA,"SIDIAP"
3,"5",2017-01-01,2017-12-31,107,362,0.295580110497238,0.250919441466879,0.344533735225876,"FALSE","FALSE",1,NA,0,"period","years",TRUE,"start",FALSE,0,5,"30;39","Male",180,2008-01-01,2018-01-01,NA,NA,"SIDIAP"
3,"6",2008-01-01,2008-12-31,232,777,0.298584298584299,0.26746116793481,0.331689214688669,"FALSE","FALSE",1,NA,0,"period","years",TRUE,"start",FALSE,0,6,"30;39","Both",180,2008-01-01,2018-01-01,NA,NA,"SIDIAP"
3,"6",2009-01-01,2009-12-31,242,802,0.301745635910224,0.270984558497408,0.334396876623371,"FALSE","FALSE",1,NA,0,"period","years",TRUE,"start",FALSE,0,6,"30;39","Both",180,2008-01-01,2018-01-01,NA,NA,"SIDIAP"
3,"6",2010-01-01,2010-12-31,216,805,0.26832298136646,0.238867975549443,0.299978610598798,"FALSE","FALSE",1,NA,0,"period","years",TRUE,"start",FALSE,0,6,"30;39","Both",180,2008-01-01,2018-01-01,NA,NA,"SIDIAP"
3,"6",2011-01-01,2011-12-31,193,739,0.261163734776725,0.230786079853865,0.294011579446938,"FALSE","FALSE",1,NA,0,"period","years",TRUE,"start",FALSE,0,6,"30;39","Both",180,2008-01-01,2018-01-01,NA,NA,"SIDIAP"
3,"6",2012-01-01,2012-12-31,200,732,0.273224043715847,0.242189147323871,0.306626706933534,"FALSE","FALSE",1,NA,0,"period","years",TRUE,"start",FALSE,0,6,"30;39","Both",180,2008-01-01,2018-01-01,NA,NA,"SIDIAP"
3,"6",2013-01-01,2013-12-31,228,715,0.318881118881119,0.285766420784317,0.353931600494386,"FALSE","FALSE",1,NA,0,"period","years",TRUE,"start",FALSE,0,6,"30;39","Both",180,2008-01-01,2018-01-01,NA,NA,"SIDIAP"
3,"6",2014-01-01,2014-12-31,212,780,0.271794871794872,0.241748680150535,0.304077843830973,"FALSE","FALSE",1,NA,0,"period","years",TRUE,"start",FALSE,0,6,"30;39","Both",180,2008-01-01,2018-01-01,NA,NA,"SIDIAP"
3,"6",2015-01-01,2015-12-31,225,800,0.28125,0.251196582158011,0.313394176181973,"FALSE","FALSE",1,NA,0,"period","years",TRUE,"start",FALSE,0,6,"30;39","Both",180,2008-01-01,2018-01-01,NA,NA,"SIDIAP"
3,"6",2016-01-01,2016-12-31,223,773,0.288486416558862,0.257655885022937,0.321408805349779,"FALSE","FALSE",1,NA,0,"period","years",TRUE,"start",FALSE,0,6,"30;39","Both",180,2008-01-01,2018-01-01,NA,NA,"SIDIAP"
3,"6",2017-01-01,2017-12-31,215,741,0.290148448043185,0.258620846261818,0.323840634208931,"FALSE","FALSE",1,NA,0,"period","years",TRUE,"start",FALSE,0,6,"30;39","Both",180,2008-01-01,2018-01-01,NA,NA,"SIDIAP"
3,"7",2008-01-01,2008-12-31,106,380,0.278947368421053,0.236239199086961,0.326080096707299,"FALSE","FALSE",1,NA,0,"period","years",TRUE,"start",FALSE,0,7,"40;49","Female",180,2008-01-01,2018-01-01,NA,NA,"SIDIAP"
3,"7",2009-01-01,2009-12-31,113,405,0.279012345679012,0.23756351474679,0.32461395982654,"FALSE","FALSE",1,NA,0,"period","years",TRUE,"start",FALSE,0,7,"40;49","Female",180,2008-01-01,2018-01-01,NA,NA,"SIDIAP"
3,"7",2010-01-01,2010-12-31,111,392,0.283163265306122,0.240834772269767,0.329700359379984,"FALSE","FALSE",1,NA,0,"period","years",TRUE,"start",FALSE,0,7,"40;49","Female",180,2008-01-01,2018-01-01,NA,NA,"SIDIAP"
3,"7",2011-01-01,2011-12-31,108,378,0.285714285714286,0.242507313517477,0.333232836595263,"FALSE","FALSE",1,NA,0,"period","years",TRUE,"start",FALSE,0,7,"40;49","Female",180,2008-01-01,2018-01-01,NA,NA,"SIDIAP"
3,"7",2012-01-01,2012-12-31,96,387,0.248062015503876,0.207649427307282,0.293427043473522,"FALSE","FALSE",1,NA,0,"period","years",TRUE,"start",FALSE,0,7,"40;49","Female",180,2008-01-01,2018-01-01,NA,NA,"SIDIAP"
3,"7",2013-01-01,2013-12-31,112,408,0.274509803921569,0.233461730308403,0.319764405479667,"FALSE","FALSE",1,NA,0,"period","years",TRUE,"start",FALSE,0,7,"40;49","Female",180,2008-01-01,2018-01-01,NA,NA,"SIDIAP"
3,"7",2014-01-01,2014-12-31,106,388,0.27319587628866,0.231243061227684,0.31959568735778,"FALSE","FALSE",1,NA,0,"period","years",TRUE,"start",FALSE,0,7,"40;49","Female",180,2008-01-01,2018-01-01,NA,NA,"SIDIAP"
3,"7",2015-01-01,2015-12-31,117,392,0.298469387755102,0.255305155232191,0.345545143595224,"FALSE","FALSE",1,NA,0,"period","years",TRUE,"start",FALSE,0,7,"40;49","Female",180,2008-01-01,2018-01-01,NA,NA,"SIDIAP"
3,"7",2016-01-01,2016-12-31,89,380,0.234210526315789,0.194419879593581,0.279321178444755,"FALSE","FALSE",1,NA,0,"period","years",TRUE,"start",FALSE,0,7,"40;49","Female",180,2008-01-01,2018-01-01,NA,NA,"SIDIAP"
3,"7",2017-01-01,2017-12-31,123,365,0.336986301369863,0.29041550986368,0.386952646144374,"FALSE","FALSE",1,NA,0,"period","years",TRUE,"start",FALSE,0,7,"40;49","Female",180,2008-01-01,2018-01-01,NA,NA,"SIDIAP"
3,"8",2008-01-01,2008-12-31,105,368,0.285326086956522,0.241592299268729,0.333495426287476,"FALSE","FALSE",1,NA,0,"period","years",TRUE,"start",FALSE,0,8,"40;49","Male",180,2008-01-01,2018-01-01,NA,NA,"SIDIAP"
3,"8",2009-01-01,2009-12-31,106,360,0.294444444444444,0.249730665452402,0.343498757935172,"FALSE","FALSE",1,NA,0,"period","years",TRUE,"start",FALSE,0,8,"40;49","Male",180,2008-01-01,2018-01-01,NA,NA,"SIDIAP"
3,"8",2010-01-01,2010-12-31,93,361,0.257617728531856,0.215222990437215,0.305116609767031,"FALSE","FALSE",1,NA,0,"period","years",TRUE,"start",FALSE,0,8,"40;49","Male",180,2008-01-01,2018-01-01,NA,NA,"SIDIAP"
3,"8",2011-01-01,2011-12-31,113,383,0.295039164490862,0.251582074497344,0.342566907158804,"FALSE","FALSE",1,NA,0,"period","years",TRUE,"start",FALSE,0,8,"40;49","Male",180,2008-01-01,2018-01-01,NA,NA,"SIDIAP"
3,"8",2012-01-01,2012-12-31,112,386,0.290155440414508,0.247125147257528,0.337321308257838,"FALSE","FALSE",1,NA,0,"period","years",TRUE,"start",FALSE,0,8,"40;49","Male",180,2008-01-01,2018-01-01,NA,NA,"SIDIAP"
3,"8",2013-01-01,2013-12-31,100,404,0.247524752475248,0.207950428913823,0.291855204898193,"FALSE","FALSE",1,NA,0,"period","years",TRUE,"start",FALSE,0,8,"40;49","Male",180,2008-01-01,2018-01-01,NA,NA,"SIDIAP"
3,"8",2014-01-01,2014-12-31,115,381,0.301837270341207,0.257908680827049,0.349721951114937,"FALSE","FALSE",1,NA,0,"period","years",TRUE,"start",FALSE,0,8,"40;49","Male",180,2008-01-01,2018-01-01,NA,NA,"SIDIAP"
3,"8",2015-01-01,2015-12-31,108,378,0.285714285714286,0.242507313517477,0.333232836595263,"FALSE","FALSE",1,NA,0,"period","years",TRUE,"start",FALSE,0,8,"40;49","Male",180,2008-01-01,2018-01-01,NA,NA,"SIDIAP"
3,"8",2016-01-01,2016-12-31,99,395,0.250632911392405,0.210435087702182,0.295634314955968,"FALSE","FALSE",1,NA,0,"period","years",TRUE,"start",FALSE,0,8,"40;49","Male",180,2008-01-01,2018-01-01,NA,NA,"SIDIAP"
3,"8",2017-01-01,2017-12-31,108,376,0.287234042553192,0.243832141575299,0.334939484626967,"FALSE","FALSE",1,NA,0,"period","years",TRUE,"start",FALSE,0,8,"40;49","Male",180,2008-01-01,2018-01-01,NA,NA,"SIDIAP"
3,"9",2008-01-01,2008-12-31,211,748,0.282085561497326,0.251012623217463,0.315385323882515,"FALSE","FALSE",1,NA,0,"period","years",TRUE,"start",FALSE,0,9,"40;49","Both",180,2008-01-01,2018-01-01,NA,NA,"SIDIAP"
3,"9",2009-01-01,2009-12-31,219,765,0.286274509803922,0.255373372719313,0.319311373728184,"FALSE","FALSE",1,NA,0,"period","years",TRUE,"start",FALSE,0,9,"40;49","Both",180,2008-01-01,2018-01-01,NA,NA,"SIDIAP"
3,"9",2010-01-01,2010-12-31,204,753,0.270916334661355,0.240394750469752,0.303763413728101,"FALSE","FALSE",1,NA,0,"period","years",TRUE,"start",FALSE,0,9,"40;49","Both",180,2008-01-01,2018-01-01,NA,NA,"SIDIAP"
3,"9",2011-01-01,2011-12-31,221,761,0.290407358738502,0.259271373597754,0.323648725305011,"FALSE","FALSE",1,NA,0,"period","years",TRUE,"start",FALSE,0,9,"40;49","Both",180,2008-01-01,2018-01-01,NA,NA,"SIDIAP"
3,"9",2012-01-01,2012-12-31,208,773,0.269081500646831,0.239016587071365,0.301430184986921,"FALSE","FALSE",1,NA,0,"period","years",TRUE,"start",FALSE,0,9,"40;49","Both",180,2008-01-01,2018-01-01,NA,NA,"SIDIAP"
3,"9",2013-01-01,2013-12-31,212,812,0.261083743842365,0.232048443758453,0.29236895890596,"FALSE","FALSE",1,NA,0,"period","years",TRUE,"start",FALSE,0,9,"40;49","Both",180,2008-01-01,2018-01-01,NA,NA,"SIDIAP"
3,"9",2014-01-01,2014-12-31,221,769,0.287386215864759,0.256520219303477,0.320365833757159,"FALSE","FALSE",1,NA,0,"period","years",TRUE,"start",FALSE,0,9,"40;49","Both",180,2008-01-01,2018-01-01,NA,NA,"SIDIAP"
3,"9",2015-01-01,2015-12-31,225,770,0.292207792207792,0.261180609954731,0.325297994477154,"FALSE","FALSE",1,NA,0,"period","years",TRUE,"start",FALSE,0,9,"40;49","Both",180,2008-01-01,2018-01-01,NA,NA,"SIDIAP"
3,"9",2016-01-01,2016-12-31,188,775,0.24258064516129,0.213719847871444,0.273980767598926,"FALSE","FALSE",1,NA,0,"period","years",TRUE,"start",FALSE,0,9,"40;49","Both",180,2008-01-01,2018-01-01,NA,NA,"SIDIAP"
3,"9",2017-01-01,2017-12-31,231,741,0.311740890688259,0.279432539209817,0.345991104042077,"FALSE","FALSE",1,NA,0,"period","years",TRUE,"start",FALSE,0,9,"40;49","Both",180,2008-01-01,2018-01-01,NA,NA,"SIDIAP"
